<metadata xml:lang="en"><Esri><CreaDate>20141212</CreaDate><CreaTime>09025800</CreaTime><ArcGISFormat>1.0</ArcGISFormat><SyncOnce>FALSE</SyncOnce><RematchLocator>Locators/Parcel_Site_Address<Category Locator="Review">Address</Category><Description Locator="Review">::</Description><ServerConnectionEncryptedPassword Locator="Review">000200</ServerConnectionEncryptedPassword><OutColumns Locator="Review">Shape</OutColumns><OutColumns Locator="Review">Status</OutColumns><OutColumns Locator="Review">Score</OutColumns><OutColumns Locator="Review">Match_addr</OutColumns><OutColumns Locator="Review">Side</OutColumns><OutColumns Locator="Review">Ref_ID</OutColumns><OutColumns Locator="Review">X</OutColumns><OutColumns Locator="Review">Y</OutColumns><OutColumns Locator="Review">User_fld</OutColumns><OutColumns Locator="Review">Addr_type</OutColumns><OutColumns Locator="Review">Match_time</OutColumns><OutKeyColumns Locator="Review">::</OutKeyColumns><OutTable Locator="Review">::</OutTable><InColumns Locator="Review">ARC_Street</InColumns><InKeyColumns Locator="Review">::</InKeyColumns><InTable Locator="Review">::</InTable><UseMultithreading Locator="Review">True</UseMultithreading><CLSID Locator="Review">{47A9F8CE-597B-11D5-9BE2-000000000000}</CLSID><ServerObjectURL Locator="Review">http://ccgisqa01m.co.clark.nv.us/arcgis/services/Locators/Parcel_Site_Address/GeocodeServer</ServerObjectURL><ServerObjectName Locator="Review">Locators/Parcel_Site_Address</ServerObjectName><ServerObjectType Locator="Review">GeocodeServer</ServerObjectType><ServerConnectionURL Locator="Review">http://ccgisqa01m.co.clark.nv.us/arcgis/services</ServerConnectionURL><ServerConnectionUser Locator="Review">::</ServerConnectionUser><ConnectionFile Locator="Review">C:\Users\dempsej\AppData\Roaming\ESRI\Desktop10.2\ArcCatalog\arcgis on ccgisqa01m.co.clark.nv.us (user).ags</ConnectionFile><ServerConnectionMode Locator="Review">0</ServerConnectionMode><ServerType Locator="Review">1</ServerType></RematchLocator><DataProperties><itemProps><itemLocation><linkage Sync="TRUE">file://\\CCGIS1\gisdata\crgen\shapefil\Childcare_NvLic.shp</linkage><protocol Sync="TRUE">Local Area Network</protocol></itemLocation><itemName Sync="TRUE">Childcare_NvLic</itemName><imsContentType Sync="TRUE">002</imsContentType><itemSize Sync="TRUE">0.000</itemSize></itemProps><coordRef><type Sync="TRUE">Projected</type><geogcsn Sync="TRUE">GCS_North_American_1983</geogcsn><csUnits Sync="TRUE">Linear Unit: Foot_US (0.304801)</csUnits><projcsn Sync="TRUE">NAD_1983_StatePlane_Nevada_East_FIPS_2701_Feet</projcsn><peXml Sync="TRUE">&lt;ProjectedCoordinateSystem xsi:type='typens:ProjectedCoordinateSystem' xmlns:xsi='http://www.w3.org/2001/XMLSchema-instance' xmlns:xs='http://www.w3.org/2001/XMLSchema' xmlns:typens='http://www.esri.com/schemas/ArcGIS/10.1'&gt;&lt;WKT&gt;PROJCS[&amp;quot;NAD_1983_StatePlane_Nevada_East_FIPS_2701_Feet&amp;quot;,GEOGCS[&amp;quot;GCS_North_American_1983&amp;quot;,DATUM[&amp;quot;D_North_American_1983&amp;quot;,SPHEROID[&amp;quot;GRS_1980&amp;quot;,6378137.0,298.257222101]],PRIMEM[&amp;quot;Greenwich&amp;quot;,0.0],UNIT[&amp;quot;Degree&amp;quot;,0.0174532925199433]],PROJECTION[&amp;quot;Transverse_Mercator&amp;quot;],PARAMETER[&amp;quot;False_Easting&amp;quot;,656166.6666666665],PARAMETER[&amp;quot;False_Northing&amp;quot;,26246666.66666666],PARAMETER[&amp;quot;Central_Meridian&amp;quot;,-115.5833333333333],PARAMETER[&amp;quot;Scale_Factor&amp;quot;,0.9999],PARAMETER[&amp;quot;Latitude_Of_Origin&amp;quot;,34.75],UNIT[&amp;quot;Foot_US&amp;quot;,0.3048006096012192],AUTHORITY[&amp;quot;EPSG&amp;quot;,3421]]&lt;/WKT&gt;&lt;XOrigin&gt;-17790500&lt;/XOrigin&gt;&lt;YOrigin&gt;-19184900&lt;/YOrigin&gt;&lt;XYScale&gt;137255069.87923574&lt;/XYScale&gt;&lt;ZOrigin&gt;-100000&lt;/ZOrigin&gt;&lt;ZScale&gt;10000&lt;/ZScale&gt;&lt;MOrigin&gt;-100000&lt;/MOrigin&gt;&lt;MScale&gt;10000&lt;/MScale&gt;&lt;XYTolerance&gt;0.0032808333333333331&lt;/XYTolerance&gt;&lt;ZTolerance&gt;0.001&lt;/ZTolerance&gt;&lt;MTolerance&gt;0.001&lt;/MTolerance&gt;&lt;HighPrecision&gt;true&lt;/HighPrecision&gt;&lt;WKID&gt;102707&lt;/WKID&gt;&lt;LatestWKID&gt;3421&lt;/LatestWKID&gt;&lt;/ProjectedCoordinateSystem&gt;</peXml></coordRef><lineage><Process ToolSource="d:\program files (x86)\arcgis\desktop10.1\ArcToolbox\Toolboxes\Conversion Tools.tbx\FeatureClassToFeatureClass" Date="20141117" Time="100535">FeatureClassToFeatureClass g:\gisdata\prdba\crupdates\crgen\Childcare_NV.gdb\Childcare_NvLic g:\gisdata\crgen\shapefil Childcare_NvLic.shp # "Name "Name" true true false 100 Text 0 0 ,First,#,g:\gisdata\prdba\crupdates\crgen\Childcare_NV.gdb\Childcare_NvLic,Name,-1,-1;License "License" true true false 4 Long 0 0 ,First,#,g:\gisdata\prdba\crupdates\crgen\Childcare_NV.gdb\Childcare_NvLic,License,-1,-1;Address "Address" true true false 50 Text 0 0 ,First,#,g:\gisdata\prdba\crupdates\crgen\Childcare_NV.gdb\Childcare_NvLic,Address,-1,-1;Zip "Zip" true true false 4 Long 0 0 ,First,#,g:\gisdata\prdba\crupdates\crgen\Childcare_NV.gdb\Childcare_NvLic,Zip,-1,-1;City "City" true true false 25 Text 0 0 ,First,#,g:\gisdata\prdba\crupdates\crgen\Childcare_NV.gdb\Childcare_NvLic,City,-1,-1;Status "Status" true true false 10 Text 0 0 ,First,#,g:\gisdata\prdba\crupdates\crgen\Childcare_NV.gdb\Childcare_NvLic,Status,-1,-1;Updated "Updated" true true false 8 Date 0 0 ,First,#,g:\gisdata\prdba\crupdates\crgen\Childcare_NV.gdb\Childcare_NvLic,Updated,-1,-1" #</Process><Process ToolSource="c:\program files (x86)\arcgis\desktop10.2\ArcToolbox\Toolboxes\Conversion Tools.tbx\FeatureClassToFeatureClass" Date="20141212" Time="140820">FeatureClassToFeatureClass \\ccgis1\gisdata\prdba\crupdates\crgen\temp\Childcare_NvLic.shp "Database Connections\DC_ENTDB04_GISMO_LOAD_GISMO.sde" Childcare_NvLic # "Name "Name" true true false 100 Text 0 0 ,First,#,\\ccgis1\gisdata\prdba\crupdates\crgen\temp\Childcare_NvLic.shp,Name,-1,-1;License "License" true true false 9 Long 0 9 ,First,#,\\ccgis1\gisdata\prdba\crupdates\crgen\temp\Childcare_NvLic.shp,License,-1,-1;Address "Address" true true false 50 Text 0 0 ,First,#,\\ccgis1\gisdata\prdba\crupdates\crgen\temp\Childcare_NvLic.shp,Address,-1,-1;Zip "Zip" true true false 9 Long 0 9 ,First,#,\\ccgis1\gisdata\prdba\crupdates\crgen\temp\Childcare_NvLic.shp,Zip,-1,-1;City "City" true true false 25 Text 0 0 ,First,#,\\ccgis1\gisdata\prdba\crupdates\crgen\temp\Childcare_NvLic.shp,City,-1,-1;Status "Status" true true false 10 Text 0 0 ,First,#,\\ccgis1\gisdata\prdba\crupdates\crgen\temp\Childcare_NvLic.shp,Status,-1,-1;Updated "Updated" true true false 8 Date 0 0 ,First,#,\\ccgis1\gisdata\prdba\crupdates\crgen\temp\Childcare_NvLic.shp,Updated,-1,-1" #</Process><Process ToolSource="c:\program files (x86)\arcgis\desktop10.2\ArcToolbox\Toolboxes\Conversion Tools.tbx\FeatureClassToFeatureClass" Date="20150403" Time="104233">FeatureClassToFeatureClass "Database Connections\CCENTGIS - Data.sde\GISMO.GISMO.Childcare_NvLic" \\ccgis1\gisdata\prdba\crupdates\crgen\temp\crgen_updates.gdb Childcare_NvLic # "Name "Name" true true false 100 Text 0 0 ,First,#,Database Connections\CCENTGIS - Data.sde\GISMO.GISMO.Childcare_NvLic,Name,-1,-1;License "License" true true false 4 Long 0 10 ,First,#,Database Connections\CCENTGIS - Data.sde\GISMO.GISMO.Childcare_NvLic,License,-1,-1;Address "Address" true true false 50 Text 0 0 ,First,#,Database Connections\CCENTGIS - Data.sde\GISMO.GISMO.Childcare_NvLic,Address,-1,-1;Zip "Zip" true true false 4 Long 0 10 ,First,#,Database Connections\CCENTGIS - Data.sde\GISMO.GISMO.Childcare_NvLic,Zip,-1,-1;City "City" true true false 25 Text 0 0 ,First,#,Database Connections\CCENTGIS - Data.sde\GISMO.GISMO.Childcare_NvLic,City,-1,-1;Status "Status" true true false 10 Text 0 0 ,First,#,Database Connections\CCENTGIS - Data.sde\GISMO.GISMO.Childcare_NvLic,Status,-1,-1;Updated "Updated" true true false 36 Date 0 0 ,First,#,Database Connections\CCENTGIS - Data.sde\GISMO.GISMO.Childcare_NvLic,Updated,-1,-1" #</Process><Process ToolSource="c:\program files (x86)\arcgis\desktop10.2\ArcToolbox\Toolboxes\Data Management Tools.tbx\CalculateField" Date="20150403" Time="135559">CalculateField GISMO.GISMO.Childcare_NvLic Updated "03/01/2015" VB #</Process><Process ToolSource="c:\program files (x86)\arcgis\desktop10.2\ArcToolbox\Toolboxes\Data Management Tools.tbx\Sort" Date="20150403" Time="135733">Sort GISMO.GISMO.Childcare_NvLic \\ccgis1\gisdata\prdba\crupdates\crgen\temp\crgen_updates.gdb\Childcare_NvLic_Sort "City ASCENDING;Name ASCENDING" UR</Process><Process ToolSource="c:\program files (x86)\arcgis\desktop10.2\ArcToolbox\Toolboxes\Conversion Tools.tbx\FeatureClassToFeatureClass" Date="20150403" Time="140145">FeatureClassToFeatureClass \\ccgis1\gisdata\prdba\crupdates\crgen\temp\crgen_updates.gdb\Childcare_NvLic "Database Connections\DC_ENTDB04_GISMO_LOAD_GISMO.sde" Childcare_NvLic # "Name "Name" true true false 100 Text 0 0 ,First,#,\\ccgis1\gisdata\prdba\crupdates\crgen\temp\crgen_updates.gdb\Childcare_NvLic,Name,-1,-1;License "License" true true false 4 Long 0 0 ,First,#,\\ccgis1\gisdata\prdba\crupdates\crgen\temp\crgen_updates.gdb\Childcare_NvLic,License,-1,-1;Address "Address" true true false 50 Text 0 0 ,First,#,\\ccgis1\gisdata\prdba\crupdates\crgen\temp\crgen_updates.gdb\Childcare_NvLic,Address,-1,-1;Zip "Zip" true true false 4 Long 0 0 ,First,#,\\ccgis1\gisdata\prdba\crupdates\crgen\temp\crgen_updates.gdb\Childcare_NvLic,Zip,-1,-1;City "City" true true false 25 Text 0 0 ,First,#,\\ccgis1\gisdata\prdba\crupdates\crgen\temp\crgen_updates.gdb\Childcare_NvLic,City,-1,-1;Status "Status" true true false 10 Text 0 0 ,First,#,\\ccgis1\gisdata\prdba\crupdates\crgen\temp\crgen_updates.gdb\Childcare_NvLic,Status,-1,-1;Updated "Updated" true true false 8 Date 0 0 ,First,#,\\ccgis1\gisdata\prdba\crupdates\crgen\temp\crgen_updates.gdb\Childcare_NvLic,Updated,-1,-1" #</Process><Process ToolSource="d:\program files (x86)\arcgis\desktop10.1\ArcToolbox\Toolboxes\Conversion Tools.tbx\FeatureClassToFeatureClass" Date="20150625" Time="132538">FeatureClassToFeatureClass "Database Connections\DC_entdb04_gismo_load_gismo.sde\gismo_load.GISMO.Childcare_NvLic" g:\gisdata\crgen\shapefil Childcare_NvLic.shp # "Name "Name" true true false 100 Text 0 0 ,First,#,Database Connections\DC_entdb04_gismo_load_gismo.sde\gismo_load.GISMO.Childcare_NvLic,Name,-1,-1;License "License" true true false 4 Long 0 10 ,First,#,Database Connections\DC_entdb04_gismo_load_gismo.sde\gismo_load.GISMO.Childcare_NvLic,License,-1,-1;Address "Address" true true false 50 Text 0 0 ,First,#,Database Connections\DC_entdb04_gismo_load_gismo.sde\gismo_load.GISMO.Childcare_NvLic,Address,-1,-1;Zip "Zip" true true false 4 Long 0 10 ,First,#,Database Connections\DC_entdb04_gismo_load_gismo.sde\gismo_load.GISMO.Childcare_NvLic,Zip,-1,-1;City "City" true true false 25 Text 0 0 ,First,#,Database Connections\DC_entdb04_gismo_load_gismo.sde\gismo_load.GISMO.Childcare_NvLic,City,-1,-1;Status "Status" true true false 10 Text 0 0 ,First,#,Database Connections\DC_entdb04_gismo_load_gismo.sde\gismo_load.GISMO.Childcare_NvLic,Status,-1,-1;Updated "Updated" true true false 36 Date 0 0 ,First,#,Database Connections\DC_entdb04_gismo_load_gismo.sde\gismo_load.GISMO.Childcare_NvLic,Updated,-1,-1" #</Process></lineage><copyHistory><copy source="\\ccgis1\gisdata\crgen\shapefil\Childcare_NvLic" dest="\\ccgis1\gisdata\prdba\crupdates\crgen\temp\Childcare_NvLic" date="20141212" time="09025800"/></copyHistory></DataProperties><SyncDate>20150625</SyncDate><SyncTime>13253700</SyncTime><ModDate>20150625</ModDate><ModTime>13253700</ModTime></Esri><dataIdInfo><envirDesc Sync="TRUE">Microsoft Windows Server 2008 Version 6.0 (Build 6002) Service Pack 2; Esri ArcGIS 10.1.1.3143</envirDesc><dataLang><languageCode value="eng" Sync="TRUE"/><countryCode value="USA" Sync="TRUE"/></dataLang><idCitation><resTitle Sync="TRUE">Childcare_NvLic</resTitle><presForm><PresFormCd value="005" Sync="TRUE"/></presForm></idCitation><spatRpType><SpatRepTypCd value="001" Sync="TRUE"/></spatRpType></dataIdInfo><mdLang><languageCode value="eng" Sync="TRUE"/><countryCode value="USA" Sync="TRUE"/></mdLang><distInfo><distFormat><formatName Sync="TRUE">Shapefile</formatName></distFormat><distTranOps><transSize Sync="TRUE">0.000</transSize></distTranOps></distInfo><mdHrLv><ScopeCd value="005" Sync="TRUE"/></mdHrLv><mdHrLvName Sync="TRUE">dataset</mdHrLvName><refSysInfo><RefSystem><refSysID><identCode code="3421" Sync="TRUE"/><idCodeSpace Sync="TRUE">EPSG</idCodeSpace><idVersion Sync="TRUE">7.11.2</idVersion></refSysID></RefSystem></refSysInfo><spatRepInfo><VectSpatRep><geometObjs Name="Childcare_NvLic"><geoObjTyp><GeoObjTypCd value="004" Sync="TRUE"></GeoObjTypCd></geoObjTyp><geoObjCnt Sync="TRUE">0</geoObjCnt></geometObjs><topLvl><TopoLevCd value="001" Sync="TRUE"></TopoLevCd></topLvl></VectSpatRep></spatRepInfo><spdoinfo><ptvctinf><esriterm Name="Childcare_NvLic"><efeatyp Sync="TRUE">Simple</efeatyp><efeageom code="1" Sync="TRUE"></efeageom><esritopo Sync="TRUE">FALSE</esritopo><efeacnt Sync="TRUE">0</efeacnt><spindex Sync="TRUE">FALSE</spindex><linrefer Sync="TRUE">FALSE</linrefer></esriterm></ptvctinf></spdoinfo><eainfo><detailed Name="Childcare_NvLic"><enttyp><enttypl Sync="TRUE">Childcare_NvLic</enttypl><enttypt Sync="TRUE">Feature Class</enttypt><enttypc Sync="TRUE">0</enttypc></enttyp><attr><attrlabl Sync="TRUE">FID</attrlabl><attalias Sync="TRUE">FID</attalias><attrtype Sync="TRUE">OID</attrtype><attwidth Sync="TRUE">4</attwidth><atprecis Sync="TRUE">0</atprecis><attscale Sync="TRUE">0</attscale><attrdef Sync="TRUE">Internal feature number.</attrdef><attrdefs Sync="TRUE">Esri</attrdefs><attrdomv><udom Sync="TRUE">Sequential unique whole numbers that are automatically generated.</udom></attrdomv></attr><attr><attrlabl Sync="TRUE">Shape</attrlabl><attalias Sync="TRUE">Shape</attalias><attrtype Sync="TRUE">Geometry</attrtype><attwidth Sync="TRUE">0</attwidth><atprecis Sync="TRUE">0</atprecis><attscale Sync="TRUE">0</attscale><attrdef Sync="TRUE">Feature geometry.</attrdef><attrdefs Sync="TRUE">Esri</attrdefs><attrdomv><udom Sync="TRUE">Coordinates defining the features.</udom></attrdomv></attr><attr><attrlabl Sync="TRUE">Name</attrlabl><attalias Sync="TRUE">Name</attalias><attrtype Sync="TRUE">String</attrtype><attwidth Sync="TRUE">100</attwidth><atprecis Sync="TRUE">0</atprecis><attscale Sync="TRUE">0</attscale></attr><attr><attrlabl Sync="TRUE">License</attrlabl><attalias Sync="TRUE">License</attalias><attrtype Sync="TRUE">Double</attrtype><attwidth Sync="TRUE">10</attwidth><atprecis Sync="TRUE">10</atprecis><attscale Sync="TRUE">0</attscale></attr><attr><attrlabl Sync="TRUE">Address</attrlabl><attalias Sync="TRUE">Address</attalias><attrtype Sync="TRUE">String</attrtype><attwidth Sync="TRUE">50</attwidth><atprecis Sync="TRUE">0</atprecis><attscale Sync="TRUE">0</attscale></attr><attr><attrlabl Sync="TRUE">Zip</attrlabl><attalias Sync="TRUE">Zip</attalias><attrtype Sync="TRUE">Double</attrtype><attwidth Sync="TRUE">10</attwidth><atprecis Sync="TRUE">10</atprecis><attscale Sync="TRUE">0</attscale></attr><attr><attrlabl Sync="TRUE">City</attrlabl><attalias Sync="TRUE">City</attalias><attrtype Sync="TRUE">String</attrtype><attwidth Sync="TRUE">25</attwidth><atprecis Sync="TRUE">0</atprecis><attscale Sync="TRUE">0</attscale></attr><attr><attrlabl Sync="TRUE">Status</attrlabl><attalias Sync="TRUE">Status</attalias><attrtype Sync="TRUE">String</attrtype><attwidth Sync="TRUE">10</attwidth><atprecis Sync="TRUE">0</atprecis><attscale Sync="TRUE">0</attscale></attr><attr><attrlabl Sync="TRUE">Updated</attrlabl><attalias Sync="TRUE">Updated</attalias><attrtype Sync="TRUE">Date</attrtype><attwidth Sync="TRUE">8</attwidth><atprecis Sync="TRUE">0</atprecis><attscale Sync="TRUE">0</attscale></attr></detailed></eainfo><mdDateSt Sync="TRUE">20150625</mdDateSt><mdChar><CharSetCd value="004" Sync="TRUE"/></mdChar></metadata>
