<?xml version="1.0" encoding="UTF-8"?>
<metadata xml:lang="en"><Esri><CreaDate>20140909</CreaDate><CreaTime>12380100</CreaTime><ArcGISFormat>1.0</ArcGISFormat><SyncOnce>TRUE</SyncOnce><DataProperties><itemProps><itemLocation><linkage Sync="TRUE">file://\\CCGIS1\gisdata\crgen\shapefil\CommCenter_p</linkage><protocol Sync="TRUE">Local Area Network</protocol></itemLocation></itemProps><copyHistory><copy source="g:\user\gi\common\PTS_Items\RTASK15474\crgen\shapefil\CommCenter_p" dest="\\CCGIS1\gisdata\crgen\shapefil\CommCenter_p" date="20140909" time="12380100"></copy></copyHistory></DataProperties></Esri></metadata>
