<?xml version="1.0" encoding="UTF-8"?>
<metadata xml:lang="en"><Esri><CreaDate>20140909</CreaDate><CreaTime>12382000</CreaTime><ArcGISFormat>1.0</ArcGISFormat><SyncOnce>TRUE</SyncOnce><DataProperties><lineage><Process ToolSource="c:\program files (x86)\arcgis\desktop10.2\ArcToolbox\Toolboxes\Data Management Tools.tbx\CalculateField" Date="20140908" Time="151216">CalculateField CommunityCenters Location "Boulder City" VB #</Process><Process ToolSource="c:\program files (x86)\arcgis\desktop10.2\ArcToolbox\Toolboxes\Data Management Tools.tbx\CalculateField" Date="20140908" Time="151250">CalculateField CommunityCenters Location "Henderson" VB #</Process><Process ToolSource="c:\program files (x86)\arcgis\desktop10.2\ArcToolbox\Toolboxes\Data Management Tools.tbx\CalculateField" Date="20140908" Time="151347">CalculateField CommunityCenters Location "North Las Vegas" VB #</Process><Process ToolSource="c:\program files (x86)\arcgis\desktop10.2\ArcToolbox\Toolboxes\Data Management Tools.tbx\CalculateField" Date="20140908" Time="151558">CalculateField CommunityCenters Location "Las Vegas" VB #</Process><Process ToolSource="c:\program files (x86)\arcgis\desktop10.2\ArcToolbox\Toolboxes\Data Management Tools.tbx\CalculateField" Date="20140908" Time="151611">CalculateField CommunityCenters Location "North Las Vegas" VB #</Process><Process ToolSource="c:\program files (x86)\arcgis\desktop10.2\ArcToolbox\Toolboxes\Data Management Tools.tbx\CalculateField" Date="20140908" Time="151632">CalculateField CommunityCenters Location "Mesquite" VB #</Process><Process ToolSource="c:\program files (x86)\arcgis\desktop10.2\ArcToolbox\Toolboxes\Data Management Tools.tbx\CalculateField" Date="20140908" Time="151711">CalculateField CommunityCenters Location "Clark County" VB #</Process><Process ToolSource="c:\program files (x86)\arcgis\desktop10.2\ArcToolbox\Toolboxes\Data Management Tools.tbx\CalculateField" Date="20140908" Time="151733">CalculateField CommunityCenters Location "Clark County" VB #</Process><Process ToolSource="c:\program files (x86)\arcgis\desktop10.2\ArcToolbox\Toolboxes\Data Management Tools.tbx\CalculateField" Date="20140908" Time="151750">CalculateField CommunityCenters Location "Henderson" VB #</Process></lineage><itemProps><itemLocation><linkage Sync="TRUE">file://\\CCGIS1\gisdata\crgen\shapefil\CommCenter_x</linkage><protocol Sync="TRUE">Local Area Network</protocol></itemLocation></itemProps><copyHistory><copy source="g:\user\gi\common\PTS_Items\RTASK15474\crgen\shapefil\CommCenter_x" dest="\\CCGIS1\gisdata\crgen\shapefil\CommCenter_x" date="20140909" time="12382000"></copy></copyHistory></DataProperties></Esri></metadata>
