<metadata xml:lang="en"><Esri><CreaDate>20150823</CreaDate><CreaTime>06001900</CreaTime><ArcGISFormat>1.0</ArcGISFormat><SyncOnce>FALSE</SyncOnce><DataProperties><itemProps><itemName Sync="TRUE">GovtProperty</itemName><imsContentType Sync="TRUE">002</imsContentType><itemLocation><linkage Sync="TRUE">file://\\CCGIS1\gisdata\crgen\shapefil\GovtProperty.shp</linkage><protocol Sync="TRUE">Local Area Network</protocol></itemLocation><itemSize Sync="TRUE">0.000</itemSize></itemProps><coordRef><type Sync="TRUE">Projected</type><geogcsn Sync="TRUE">GCS_North_American_1983</geogcsn><csUnits Sync="TRUE">Linear Unit: Foot_US (0.304801)</csUnits><projcsn Sync="TRUE">NAD_1983_StatePlane_Nevada_East_FIPS_2701_Feet</projcsn><peXml Sync="TRUE">&lt;ProjectedCoordinateSystem xsi:type='typens:ProjectedCoordinateSystem' xmlns:xsi='http://www.w3.org/2001/XMLSchema-instance' xmlns:xs='http://www.w3.org/2001/XMLSchema' xmlns:typens='http://www.esri.com/schemas/ArcGIS/10.1'&gt;&lt;WKT&gt;PROJCS[&amp;quot;NAD_1983_StatePlane_Nevada_East_FIPS_2701_Feet&amp;quot;,GEOGCS[&amp;quot;GCS_North_American_1983&amp;quot;,DATUM[&amp;quot;D_North_American_1983&amp;quot;,SPHEROID[&amp;quot;GRS_1980&amp;quot;,6378137.0,298.257222101]],PRIMEM[&amp;quot;Greenwich&amp;quot;,0.0],UNIT[&amp;quot;Degree&amp;quot;,0.0174532925199433]],PROJECTION[&amp;quot;Transverse_Mercator&amp;quot;],PARAMETER[&amp;quot;False_Easting&amp;quot;,656166.6666666665],PARAMETER[&amp;quot;False_Northing&amp;quot;,26246666.66666666],PARAMETER[&amp;quot;Central_Meridian&amp;quot;,-115.5833333333333],PARAMETER[&amp;quot;Scale_Factor&amp;quot;,0.9999],PARAMETER[&amp;quot;Latitude_Of_Origin&amp;quot;,34.75],UNIT[&amp;quot;Foot_US&amp;quot;,0.3048006096012192],AUTHORITY[&amp;quot;EPSG&amp;quot;,3421]]&lt;/WKT&gt;&lt;XOrigin&gt;-17790500&lt;/XOrigin&gt;&lt;YOrigin&gt;-19184900&lt;/YOrigin&gt;&lt;XYScale&gt;137255069.87923574&lt;/XYScale&gt;&lt;ZOrigin&gt;-100000&lt;/ZOrigin&gt;&lt;ZScale&gt;10000&lt;/ZScale&gt;&lt;MOrigin&gt;-100000&lt;/MOrigin&gt;&lt;MScale&gt;10000&lt;/MScale&gt;&lt;XYTolerance&gt;0.0032808333333333331&lt;/XYTolerance&gt;&lt;ZTolerance&gt;0.001&lt;/ZTolerance&gt;&lt;MTolerance&gt;0.001&lt;/MTolerance&gt;&lt;HighPrecision&gt;true&lt;/HighPrecision&gt;&lt;WKID&gt;102707&lt;/WKID&gt;&lt;LatestWKID&gt;3421&lt;/LatestWKID&gt;&lt;/ProjectedCoordinateSystem&gt;</peXml></coordRef><lineage><Process ToolSource="d:\program files (x86)\arcgis\desktop10.1\ArcToolbox\Toolboxes\Analysis Tools.tbx\Select" Date="20150823" Time="060030">Select AOEXT_View g:\gisdata\prdba\crupdates\crgen\temp\scratch.gdb\GovtProperty "left(exmptcd,1) in ('F','G','H','I','K','L','M') or (owner LIKE '%TRUSTEE CLARK%' or owner LIKE '%CITY OF BOULDER CITY%' or owner LIKE '%CITY OF HENDERSON%' or owner like '%CITY OF LAS VEGAS%' or owner like '%CITY OF MESQUITE%' or owner like '%CITY OF NORTH LAS VEGAS%' or owner LIKE '%COUNTY OF%')  or (owner2 LIKE '%LEASE%' and (owner2 LIKE '%COUNTY OF%' or owner2 LIKE '%CITY OF%' or owner2 LIKE 'USA%')) or (owner = 'USA' or owner like 'STATE OF NEVADA%' or owner2 = 'USA' or owner2 LIKE 'USA %') or (owner like 'USA %' and exmptcd LIKE 'O%')"</Process><Process ToolSource="d:\program files (x86)\arcgis\desktop10.1\ArcToolbox\Toolboxes\Data Management Tools.tbx\AddField" Date="20150823" Time="060031">AddField g:\gisdata\prdba\crupdates\crgen\temp\scratch.gdb\GovtProperty propown TEXT # # 7 # NULLABLE NON_REQUIRED #</Process><Process ToolSource="d:\program files (x86)\arcgis\desktop10.1\ArcToolbox\Toolboxes\Data Management Tools.tbx\AddField" Date="20150823" Time="060033">AddField g:\gisdata\prdba\crupdates\crgen\temp\scratch.gdb\GovtProperty proplse TEXT # # 4 # NULLABLE NON_REQUIRED #</Process><Process ToolSource="d:\program files (x86)\arcgis\desktop10.1\ArcToolbox\Toolboxes\Data Management Tools.tbx\AddField" Date="20150823" Time="060035">AddField g:\gisdata\prdba\crupdates\crgen\temp\scratch.gdb\GovtProperty propcen TEXT # # 11 # NULLABLE NON_REQUIRED #</Process><Process ToolSource="d:\program files (x86)\arcgis\desktop10.1\ArcToolbox\Toolboxes\Data Management Tools.tbx\AddField" Date="20150823" Time="060037">AddField g:\gisdata\prdba\crupdates\crgen\temp\scratch.gdb\GovtProperty lucode TEXT # # 3 # NULLABLE NON_REQUIRED #</Process><Process ToolSource="d:\program files (x86)\arcgis\desktop10.1\ArcToolbox\Toolboxes\Data Management Tools.tbx\CalculateField" Date="20150823" Time="060042">CalculateField g:\gisdata\prdba\crupdates\crgen\temp\scratch.gdb\GovtProperty lucode !LANDUSE![0:3] PYTHON_9.3 #</Process><Process ToolSource="d:\program files (x86)\arcgis\desktop10.1\ArcToolbox\Toolboxes\Data Management Tools.tbx\CalculateField" Date="20150823" Time="060046">CalculateField g:\gisdata\prdba\crupdates\crgen\temp\scratch.gdb\GovtProperty propown CalcField(!Owner!) PYTHON_9.3 "def CalcField(Owner):\n        if 'TRUSTEE CLARK' in Owner:\n            return 'CCTRUST'\n        elif 'USA' in Owner or 'UNITED STATES OF AMERICA' in Owner or 'U S A' in Owner:\n            return 'BLM'\n        elif 'CITY OF LAS VEGAS' in Owner:\n            return 'CLV'\n        elif 'CITY OF NORTH LAS VEGAS' in Owner:\n            return 'NLV'\n        elif 'HENDERSON' in Owner:\n            return 'HEND'\n        elif 'CLARK' in Owner and 'FIRE' in Owner:\n            return 'CCFD'\n        elif 'CLARK' in Owner and 'PUBLIC WORKS' in Owner:\n            return 'CCPW'\n        elif 'CLARK' in Owner and ('AVIATION' in Owner or 'MCCARRAN' in Owner):\n            return 'CCDOA'\n        elif 'CLARK' in Owner and 'FLOOD' in Owner:\n            return 'CCRFD'\n        elif 'CLARK' in Owner and 'SANITATION' in Owner:\n            return 'CCSAN'\n        elif 'SCHOOL' in Owner and 'BOARD' in Owner:\n            return 'CCSD'\n        elif 'BOARD' in Owner and ('REGENTS' in Owner or 'REGENT' in Owner):\n            return 'UNIV'\n        elif 'CLARK' in Owner and ('PK' in Owner or 'PARK' in Owner):\n            return 'CCPARKS'\n        elif 'STATE' in Owner and 'NEVADA' in Owner:\n            return 'NEV'\n        elif 'HOUSING' in Owner:\n            return 'HOUS_AT'\n        elif 'MESQUITE' in Owner:\n            return 'MESQ'\n        elif ' OVERTON' in Owner:\n            return 'OVERT'\n        elif 'LOGANDALE' in Owner:\n            return 'LOGANDL'\n        elif 'NELSON' in Owner:\n            return 'NELSON'\n        elif 'BOULDER' in Owner:\n            return 'BC'\n        elif 'RAILROAD' in Owner:\n            return 'RAIL'\n        elif 'WATER' in Owner or 'POWER' in Owner or 'TELEPHONE' in Owner or ' GAS' in Owner or 'PIPELINE' in Owner or 'COMMUNICATIONS' in Owner or 'EDISON' in Owner or 'ELECTRIC' in Owner:\n            return 'UTIL'\n        elif 'CLARK' in Owner or 'L V C V A' in Owner:\n            return 'CC'\n        else:\n            return 'OTH'"</Process><Process ToolSource="d:\program files (x86)\arcgis\desktop10.1\ArcToolbox\Toolboxes\Data Management Tools.tbx\CalculateField" Date="20150823" Time="060051">CalculateField g:\gisdata\prdba\crupdates\crgen\temp\scratch.gdb\GovtProperty OWNER2 CalcField(!Owner2!) PYTHON_9.3 "def CalcField(Value):\n        if str(Value) == 'None':\n            return ''\n        else:\n            return Value"</Process><Process ToolSource="d:\program files (x86)\arcgis\desktop10.1\ArcToolbox\Toolboxes\Data Management Tools.tbx\CalculateField" Date="20150823" Time="060055">CalculateField g:\gisdata\prdba\crupdates\crgen\temp\scratch.gdb\GovtProperty proplse CalcField(!Owner2!) PYTHON_9.3 "def CalcField(Owner2):\n        if 'LEASE' in Owner2 and 'CLARK' in Owner2 and 'COUNTY' in Owner2:\n            return 'CC'\n        elif 'LEASE' in Owner2 and 'CITY OF LAS VEGAS' in Owner2:\n            return 'CLV'\n        elif 'LEASE' in Owner2 and 'CITY OF NORTH LAS VEGAS' in Owner2:\n            return 'NLV'\n        elif 'LEASE' in Owner2 and 'CITY OF HENDERSON' in Owner2:\n            return 'HEND'\n        elif 'LEASE' in Owner2 and 'SCHOOL' in Owner2 and 'BOARD' in Owner2:\n            return 'CCSD'\n        elif 'LEASE' in Owner2 and 'BOARD' in Owner2 and 'REGENT' in Owner2:\n            return 'UNIV'\n        elif 'LEASE' in Owner2 and 'USA' in Owner2:\n            return 'BLM'\n        elif 'LEASE' in Owner2:\n            return 'OTH'\n        else:\n            return 'NA'"</Process><Process ToolSource="d:\program files (x86)\arcgis\desktop10.1\ArcToolbox\Toolboxes\Data Management Tools.tbx\CalculateField" Date="20150823" Time="060100">CalculateField g:\gisdata\prdba\crupdates\crgen\temp\scratch.gdb\GovtProperty propcen CalcField(!propown!, !proplse!) PYTHON_9.3 "def CalcField(PropertyOwn, PropertyLease):\n        if PropertyLease &lt;&gt; 'NA':\n            return PropertyOwn + PropertyLease\n        else:\n            return PropertyOwn"</Process><Process ToolSource="d:\program files (x86)\arcgis\desktop10.1\ArcToolbox\Toolboxes\Data Management Tools.tbx\DeleteField" Date="20150823" Time="060106">DeleteField g:\gisdata\prdba\crupdates\crgen\temp\scratch.gdb\GovtProperty PARCEL;LANDUSE;strno;strfrac;strdir;strname;strtype;strunit;subname</Process><Process ToolSource="d:\program files (x86)\arcgis\desktop10.1\ArcToolbox\Toolboxes\Conversion Tools.tbx\FeatureClassToFeatureClass" Date="20150823" Time="060112">FeatureClassToFeatureClass g:\gisdata\prdba\crupdates\crgen\temp\scratch.gdb\GovtProperty g:\gisdata\crgen\shapefil GovtProperty.shp # "APN "APN" true true false 12 Text 0 0 ,First,#,g:\gisdata\prdba\crupdates\crgen\temp\scratch.gdb\GovtProperty,APN,-1,-1;exmptcd "exmptcd" true false false 3 Text 0 0 ,First,#,g:\gisdata\prdba\crupdates\crgen\temp\scratch.gdb\GovtProperty,exmptcd,-1,-1;OWNER "OWNER" true true false 100 Text 0 0 ,First,#,g:\gisdata\prdba\crupdates\crgen\temp\scratch.gdb\GovtProperty,OWNER,-1,-1;OWNER2 "OWNER2" true true false 100 Text 0 0 ,First,#,g:\gisdata\prdba\crupdates\crgen\temp\scratch.gdb\GovtProperty,OWNER2,-1,-1;Shape_Leng "Shape_Leng" false true true 8 Double 0 0 ,First,#,g:\gisdata\prdba\crupdates\crgen\temp\scratch.gdb\GovtProperty,Shape_Length,-1,-1;Shape_Area "Shape_Area" false true true 8 Double 0 0 ,First,#,g:\gisdata\prdba\crupdates\crgen\temp\scratch.gdb\GovtProperty,Shape_Area,-1,-1;propown "propown" true true false 7 Text 0 0 ,First,#,g:\gisdata\prdba\crupdates\crgen\temp\scratch.gdb\GovtProperty,propown,-1,-1;proplse "proplse" true true false 4 Text 0 0 ,First,#,g:\gisdata\prdba\crupdates\crgen\temp\scratch.gdb\GovtProperty,proplse,-1,-1;propcen "propcen" true true false 11 Text 0 0 ,First,#,g:\gisdata\prdba\crupdates\crgen\temp\scratch.gdb\GovtProperty,propcen,-1,-1;lucode "lucode" true true false 3 Text 0 0 ,First,#,g:\gisdata\prdba\crupdates\crgen\temp\scratch.gdb\GovtProperty,lucode,-1,-1" #</Process></lineage></DataProperties><SyncDate>20150823</SyncDate><SyncTime>06010800</SyncTime><ModDate>20150823</ModDate><ModTime>06010800</ModTime></Esri><dataIdInfo><envirDesc Sync="TRUE">Microsoft Windows Server 2008 Version 6.0 (Build 6002) Service Pack 2; Esri ArcGIS 10.1.1.3143</envirDesc><dataLang><languageCode value="eng" Sync="TRUE"></languageCode><countryCode value="USA" Sync="TRUE"></countryCode></dataLang><idCitation><resTitle Sync="TRUE">GovtProperty</resTitle><presForm><PresFormCd value="005" Sync="TRUE"></PresFormCd></presForm></idCitation><spatRpType><SpatRepTypCd value="001" Sync="TRUE"></SpatRepTypCd></spatRpType></dataIdInfo><mdLang><languageCode value="eng" Sync="TRUE"></languageCode><countryCode value="USA" Sync="TRUE"></countryCode></mdLang><distInfo><distFormat><formatName Sync="TRUE">Shapefile</formatName></distFormat><distTranOps><transSize Sync="TRUE">0.000</transSize></distTranOps></distInfo><mdHrLv><ScopeCd value="005" Sync="TRUE"></ScopeCd></mdHrLv><mdHrLvName Sync="TRUE">dataset</mdHrLvName><refSysInfo><RefSystem><refSysID><identCode code="3421" Sync="TRUE"></identCode><idCodeSpace Sync="TRUE">EPSG</idCodeSpace><idVersion Sync="TRUE">7.11.2</idVersion></refSysID></RefSystem></refSysInfo><spatRepInfo><VectSpatRep><geometObjs Name="GovtProperty"><geoObjTyp><GeoObjTypCd value="002" Sync="TRUE"></GeoObjTypCd></geoObjTyp><geoObjCnt Sync="TRUE">0</geoObjCnt></geometObjs><topLvl><TopoLevCd value="001" Sync="TRUE"></TopoLevCd></topLvl></VectSpatRep></spatRepInfo><spdoinfo><ptvctinf><esriterm Name="GovtProperty"><efeatyp Sync="TRUE">Simple</efeatyp><efeageom code="4" Sync="TRUE"></efeageom><esritopo Sync="TRUE">FALSE</esritopo><efeacnt Sync="TRUE">0</efeacnt><spindex Sync="TRUE">FALSE</spindex><linrefer Sync="TRUE">FALSE</linrefer></esriterm></ptvctinf></spdoinfo><eainfo><detailed Name="GovtProperty"><enttyp><enttypl Sync="TRUE">GovtProperty</enttypl><enttypt Sync="TRUE">Feature Class</enttypt><enttypc Sync="TRUE">0</enttypc></enttyp><attr><attrlabl Sync="TRUE">FID</attrlabl><attalias Sync="TRUE">FID</attalias><attrtype Sync="TRUE">OID</attrtype><attwidth Sync="TRUE">4</attwidth><atprecis Sync="TRUE">0</atprecis><attscale Sync="TRUE">0</attscale><attrdef Sync="TRUE">Internal feature number.</attrdef><attrdefs Sync="TRUE">Esri</attrdefs><attrdomv><udom Sync="TRUE">Sequential unique whole numbers that are automatically generated.</udom></attrdomv></attr><attr><attrlabl Sync="TRUE">Shape</attrlabl><attalias Sync="TRUE">Shape</attalias><attrtype Sync="TRUE">Geometry</attrtype><attwidth Sync="TRUE">0</attwidth><atprecis Sync="TRUE">0</atprecis><attscale Sync="TRUE">0</attscale><attrdef Sync="TRUE">Feature geometry.</attrdef><attrdefs Sync="TRUE">Esri</attrdefs><attrdomv><udom Sync="TRUE">Coordinates defining the features.</udom></attrdomv></attr><attr><attrlabl Sync="TRUE">APN</attrlabl><attalias Sync="TRUE">APN</attalias><attrtype Sync="TRUE">String</attrtype><attwidth Sync="TRUE">12</attwidth><atprecis Sync="TRUE">0</atprecis><attscale Sync="TRUE">0</attscale></attr><attr><attrlabl Sync="TRUE">exmptcd</attrlabl><attalias Sync="TRUE">exmptcd</attalias><attrtype Sync="TRUE">String</attrtype><attwidth Sync="TRUE">3</attwidth><atprecis Sync="TRUE">0</atprecis><attscale Sync="TRUE">0</attscale></attr><attr><attrlabl Sync="TRUE">OWNER</attrlabl><attalias Sync="TRUE">OWNER</attalias><attrtype Sync="TRUE">String</attrtype><attwidth Sync="TRUE">100</attwidth><atprecis Sync="TRUE">0</atprecis><attscale Sync="TRUE">0</attscale></attr><attr><attrlabl Sync="TRUE">OWNER2</attrlabl><attalias Sync="TRUE">OWNER2</attalias><attrtype Sync="TRUE">String</attrtype><attwidth Sync="TRUE">100</attwidth><atprecis Sync="TRUE">0</atprecis><attscale Sync="TRUE">0</attscale></attr><attr><attrlabl Sync="TRUE">Shape_Leng</attrlabl><attalias Sync="TRUE">Shape_Leng</attalias><attrtype Sync="TRUE">Double</attrtype><attwidth Sync="TRUE">19</attwidth><atprecis Sync="TRUE">0</atprecis><attscale Sync="TRUE">0</attscale></attr><attr><attrlabl Sync="TRUE">Shape_Area</attrlabl><attalias Sync="TRUE">Shape_Area</attalias><attrtype Sync="TRUE">Double</attrtype><attwidth Sync="TRUE">19</attwidth><atprecis Sync="TRUE">0</atprecis><attscale Sync="TRUE">0</attscale><attrdef Sync="TRUE">Area of feature in internal units squared.</attrdef><attrdefs Sync="TRUE">Esri</attrdefs><attrdomv><udom Sync="TRUE">Positive real numbers that are automatically generated.</udom></attrdomv></attr><attr><attrlabl Sync="TRUE">propown</attrlabl><attalias Sync="TRUE">propown</attalias><attrtype Sync="TRUE">String</attrtype><attwidth Sync="TRUE">7</attwidth><atprecis Sync="TRUE">0</atprecis><attscale Sync="TRUE">0</attscale></attr><attr><attrlabl Sync="TRUE">proplse</attrlabl><attalias Sync="TRUE">proplse</attalias><attrtype Sync="TRUE">String</attrtype><attwidth Sync="TRUE">4</attwidth><atprecis Sync="TRUE">0</atprecis><attscale Sync="TRUE">0</attscale></attr><attr><attrlabl Sync="TRUE">propcen</attrlabl><attalias Sync="TRUE">propcen</attalias><attrtype Sync="TRUE">String</attrtype><attwidth Sync="TRUE">11</attwidth><atprecis Sync="TRUE">0</atprecis><attscale Sync="TRUE">0</attscale></attr><attr><attrlabl Sync="TRUE">lucode</attrlabl><attalias Sync="TRUE">lucode</attalias><attrtype Sync="TRUE">String</attrtype><attwidth Sync="TRUE">3</attwidth><atprecis Sync="TRUE">0</atprecis><attscale Sync="TRUE">0</attscale></attr></detailed></eainfo><mdDateSt Sync="TRUE">20150823</mdDateSt></metadata>
