<?xml version="1.0" encoding="UTF-8"?>
<metadata xml:lang="en">
	<idinfo>
		<citation>
			<citeinfo>
				<origin>TerraSpectra Geomatics</origin>
				<pubdate>August 31, 2009</pubdate>
				<title Sync="TRUE">LakeMead_High_19830622</title>
				<geoform Sync="TRUE">vector digital data</geoform>
				<onlink Sync="TRUE">\\CCGIS1\gisdata\crgen\shapefil\LakeMead_High_19830622</onlink>
				<ftname Sync="TRUE">LakeMead_High_19830622</ftname></citeinfo>
		</citation>
		<descript>
			<abstract>A raster mapping of Lake Mead water based on image processing of Landsat-4 Multispectral Scanner (MSS) imagery acquired on June 22, 1983, converted to vector format.  This was during a period of maximum water level.</abstract>
			<purpose>This data was prepared to provide a visual comparison of high (1983) versus low (2009) water levels in Lake Mead.</purpose>
			<supplinf>Landsat-4 multispectral scanner imagery was acquired at 60-meter resolution and geo-referenced to Landsat-5 Thematic Mapper imagery acquired at 30-meter resolution using a 19-point spline transformation.  Standard USGS-EDC metadata for this acquisition is provided under the image metadata subdirectory.</supplinf>
			<langdata Sync="TRUE">en</langdata></descript>
		<timeperd>
			<timeinfo>
				<sngdate>
					<caldate>22 June 1983</caldate>
				</sngdate>
			</timeinfo>
			<current>ground condition</current>
		</timeperd>
		<status>
			<progress>Complete</progress>
			<update>None planned</update>
		</status>
		<spdom>
			<bounding>
				<westbc Sync="TRUE">-114.917975</westbc>
				<eastbc Sync="TRUE">-113.835818</eastbc>
				<northbc Sync="TRUE">36.582010</northbc>
				<southbc Sync="TRUE">35.090163</southbc>
			</bounding>
			<lboundng><leftbc Sync="TRUE">689743.015758</leftbc><rightbc Sync="TRUE">783196.666954</rightbc><bottombc Sync="TRUE">3887457.621232</bottombc><topbc Sync="TRUE">4050598.435971</topbc></lboundng></spdom>
		<keywords>
			<theme>
				<themekey>Landsat-4</themekey>
				<themekey>Multispectral Scanner</themekey>
				<themekey>Water Level</themekey>
				<themekt>REQUIRED: Reference to a formally registered thesaurus or a similar authoritative source of theme keywords.</themekt></theme>
			<place>
				<placekey>Lake Mead</placekey>
			</place>
		</keywords>
		<accconst>None.</accconst>
		<useconst>This product provides a general representation of Lake Mead water levels when the lake is nearly full.  It should not be used for any precise measurement of Lake area or shoreline locations.</useconst>
		<ptcontac>
			<cntinfo>
				<cntorgp>
					<cntorg>Clark County Desert Conservation Program</cntorg>
				</cntorgp>
				<cntaddr>
					<addrtype>mailing and physical address</addrtype>
					<address>333 North Rancho Drive, Suite 625</address>
					<city>Las Vegas</city>
					<state>Nevada</state>
					<postal>89106</postal>
					<country>USA</country>
				</cntaddr>
				<cntvoice>702-455-5942</cntvoice>
				<cntfax>702-382-4593</cntfax>
				<cntemail>dcp@co.clark.nv.us</cntemail>
			</cntinfo>
		</ptcontac>
		<browse></browse>
		<datacred>Clark County Desert Conservation Program and TerraSpectra Geomatics.</datacred>
		<native Sync="TRUE">Microsoft Windows Vista Version 6.0 (Build 6002) Service Pack 2; ESRI ArcCatalog 9.3.1.3000</native>
		<natvform Sync="TRUE">Shapefile</natvform></idinfo>
	<dataqual>
		<posacc>
			<horizpa>
				<horizpar>Not established.</horizpar>
			</horizpa>
		</posacc>
		<lineage>
			<srcinfo>
				<srctime>
					<timeinfo>
						<sngdate>
							<caldate>June 22, 1983</caldate>
						</sngdate>
					</timeinfo>
				</srctime>
				<srccontr>Landsat-4 multispectral scanner imagery acquired on June 22, 1983.</srccontr>
			</srcinfo>
			<procstep>
				<procdesc>Image was georeferenced to a higher spatial resolution Landsat-5 image using a 19 control points and a spline transformation.</procdesc>
				<procsv>ERDAS Imagine 9.3</procsv></procstep>
			<procstep>
				<procdesc>A supervised classification was used to detect water versus land and vegetation land covers.</procdesc>
				<procsv>ERDAS Imagine 9.3</procsv></procstep>
			<procstep>
				<procdesc>Visual editing was used to refine the classification.</procdesc>
				<procsv>ERDAS Imagine 9.3</procsv></procstep>
			<procstep>
				<procdesc>Final raster processing reduced the water classification to a binary water versus all other mapping.</procdesc>
				<procsv>ERDAS Imagine 9.3</procsv></procstep>
			<procstep><procdesc>Raster binary classification was converted to vector format using ArcGIS.</procdesc><procsv>ESRI ArcGIS 9.3.1</procsv></procstep><procstep><procdesc Sync="TRUE">Dataset moved.</procdesc><srcused Sync="TRUE">C:\LakeMead_NV\LakeMead\HIGH_1983-JUN-22</srcused><procdate Sync="TRUE">20091001</procdate><proctime Sync="TRUE">13000600</proctime></procstep><procstep><procdesc Sync="TRUE">Dataset moved.</procdesc><srcused Sync="TRUE">C:\LakeMead_NV\another temp\HIGH_1983-JUN-22</srcused><procdate Sync="TRUE">20091001</procdate><proctime Sync="TRUE">13013500</proctime></procstep><procstep><procdesc Sync="TRUE">Dataset copied.</procdesc><srcused Sync="TRUE">G:\user\gi\common\PTS_Items\INC123992\LakeMead_High_19830622</srcused><procdate Sync="TRUE">20100921</procdate><proctime Sync="TRUE">10113100</proctime></procstep></lineage>
		<attracc><attraccr>No accuracy assessment has been undertaken.</attraccr></attracc></dataqual>
	<spdoinfo>
		<direct Sync="TRUE">Vector</direct>
		<rastinfo>
			<rasttype Sync="TRUE">Pixel</rasttype>
			<rowcount Sync="TRUE">1140</rowcount>
			<colcount Sync="TRUE">1590</colcount>
			<vrtcount Sync="TRUE">1</vrtcount>
		</rastinfo>
		<ptvctinf><esriterm Name="LakeMead_High_19830622"><efeatyp Sync="TRUE">Simple</efeatyp><efeageom Sync="TRUE">Polygon</efeageom><esritopo Sync="TRUE">FALSE</esritopo><efeacnt Sync="TRUE">90</efeacnt><spindex Sync="TRUE">TRUE</spindex><linrefer Sync="TRUE">FALSE</linrefer></esriterm><sdtsterm Name="LakeMead_High_19830622"><sdtstype Sync="TRUE">G-polygon</sdtstype><ptvctcnt Sync="TRUE">90</ptvctcnt></sdtsterm></ptvctinf></spdoinfo>
	<spref>
		<horizsys>
			<planar>
				<planci>
					<plance Sync="TRUE">coordinate pair</plance>
					<coordrep>
						<absres Sync="TRUE">0.000000</absres>
						<ordres Sync="TRUE">0.000000</ordres>
					</coordrep>
					<plandu Sync="TRUE">meters</plandu>
				</planci>
				<gridsys><gridsysn Sync="TRUE">Universal Transverse Mercator</gridsysn><utm><utmzone Sync="TRUE">11</utmzone><transmer><sfctrmer Sync="TRUE">0.999600</sfctrmer><longcm Sync="TRUE">-117.000000</longcm><latprjo Sync="TRUE">0.000000</latprjo><feast Sync="TRUE">500000.000000</feast><fnorth Sync="TRUE">0.000000</fnorth></transmer></utm></gridsys></planar>
			<geodetic>
				<horizdn Sync="TRUE">D_WGS_1984</horizdn>
				<ellips Sync="TRUE">WGS_1984</ellips>
				<semiaxis Sync="TRUE">6378137.000000</semiaxis>
				<denflat Sync="TRUE">298.257224</denflat>
			</geodetic>
			<cordsysn><geogcsn Sync="TRUE">GCS_WGS_1984</geogcsn><projcsn Sync="TRUE">WGS_1984_UTM_Zone_11N</projcsn></cordsysn></horizsys>
	</spref>
	<eainfo>
		<detailed Name="LakeMead_High_19830622">
			<enttyp>
				<enttypl Sync="TRUE">LakeMead_High_19830622</enttypl>
				<enttypt Sync="TRUE">Feature Class</enttypt><enttypc Sync="TRUE">90</enttypc></enttyp>
			<attr><attrlabl Sync="TRUE">FID</attrlabl><attalias Sync="TRUE">FID</attalias><attrtype Sync="TRUE">OID</attrtype><attwidth Sync="TRUE">4</attwidth><atprecis Sync="TRUE">0</atprecis><attscale Sync="TRUE">0</attscale><attrdef Sync="TRUE">Internal feature number.</attrdef><attrdefs Sync="TRUE">ESRI</attrdefs><attrdomv><udom Sync="TRUE">Sequential unique whole numbers that are automatically generated.</udom></attrdomv></attr><attr><attrlabl Sync="TRUE">Shape</attrlabl><attalias Sync="TRUE">Shape</attalias><attrtype Sync="TRUE">Geometry</attrtype><attwidth Sync="TRUE">0</attwidth><atprecis Sync="TRUE">0</atprecis><attscale Sync="TRUE">0</attscale><attrdef Sync="TRUE">Feature geometry.</attrdef><attrdefs Sync="TRUE">ESRI</attrdefs><attrdomv><udom Sync="TRUE">Coordinates defining the features.</udom></attrdomv></attr><attr><attrlabl Sync="TRUE">ID</attrlabl><attalias Sync="TRUE">ID</attalias><attrtype Sync="TRUE">Number</attrtype><attwidth Sync="TRUE">10</attwidth></attr><attr><attrlabl Sync="TRUE">GRIDCODE</attrlabl><attalias Sync="TRUE">GRIDCODE</attalias><attrtype Sync="TRUE">Number</attrtype><attwidth Sync="TRUE">10</attwidth></attr><attr><attrlabl Sync="TRUE">Acres</attrlabl><attalias Sync="TRUE">Acres</attalias><attrtype Sync="TRUE">Float</attrtype><attwidth Sync="TRUE">19</attwidth><atnumdec Sync="TRUE">11</atnumdec></attr><attr><attrlabl Sync="TRUE">Type</attrlabl><attalias Sync="TRUE">Type</attalias><attrtype Sync="TRUE">String</attrtype><attwidth Sync="TRUE">8</attwidth></attr></detailed>
	</eainfo>
	<distinfo>
		<resdesc Sync="TRUE">Downloadable Data</resdesc>
		<stdorder>
			<digform>
				<digtinfo>
					<transize Sync="TRUE">0.202</transize>
					<dssize Sync="TRUE">0.202</dssize></digtinfo>
			</digform>
		</stdorder>
	</distinfo>
	<metainfo>
		<metd Sync="TRUE">20100921</metd>
		<metc>
			<cntinfo>
				<cntorgp>
					<cntorg>TerraSpectra Geomatics</cntorg>
					<cntper>Larry Tinney</cntper>
				</cntorgp>
				<cntaddr>
					<addrtype>mailing and physical address</addrtype>
					<address>2700 East Sunset Road, Suite A-10</address>
					<city>Las Vegas</city>
					<state>Nevada</state>
					<postal>89120</postal>
					<country>USA</country>
				</cntaddr>
				<cntvoice>702-795-8254</cntvoice>
				<cntfax>702-795-2056</cntfax>
			</cntinfo>
		</metc>
		<metstdn Sync="TRUE">FGDC Content Standards for Digital Geospatial Metadata</metstdn>
		<metstdv Sync="TRUE">FGDC-STD-001-1998</metstdv>
		<mettc Sync="TRUE">local time</mettc>
		<langmeta Sync="TRUE">en</langmeta><metextns><onlink Sync="TRUE">http://www.esri.com/metadata/esriprof80.html</onlink><metprof Sync="TRUE">ESRI Metadata Profile</metprof></metextns></metainfo>
	<Esri><CreaDate>20100921</CreaDate><CreaTime>10113100</CreaTime><SyncOnce>FALSE</SyncOnce><SyncDate>20100921</SyncDate><SyncTime>10111600</SyncTime><ModDate>20100921</ModDate><ModTime>10111600</ModTime><DataProperties><itemProps><itemName Sync="TRUE">HIGH_1983_JUN_22</itemName><imsContentType Sync="TRUE">002</imsContentType><nativeExtBox><westBL Sync="TRUE">689743.015758</westBL><eastBL Sync="TRUE">783196.666954</eastBL><southBL Sync="TRUE">3887457.621232</southBL><northBL Sync="TRUE">4050598.435971</northBL><exTypeCode Sync="TRUE">1</exTypeCode></nativeExtBox><itemSize Sync="TRUE">0.202</itemSize><itemLocation><linkage Sync="TRUE">file://\\ccgis1\user\gi\common\PTS_Items\INC123992\HIGH_1983_JUN_22.shp</linkage><protocol Sync="TRUE">Local Area Network</protocol></itemLocation></itemProps><coordRef><type Sync="TRUE">Projected</type><geogcsn Sync="TRUE">GCS_WGS_1984</geogcsn><projcsn Sync="TRUE">WGS_1984_UTM_Zone_11N</projcsn><peXml Sync="TRUE">&lt;ProjectedCoordinateSystem xsi:type='typens:ProjectedCoordinateSystem' xmlns:xsi='http://www.w3.org/2001/XMLSchema-instance' xmlns:xs='http://www.w3.org/2001/XMLSchema' xmlns:typens='http://www.esri.com/schemas/ArcGIS/10.0'&gt;&lt;WKT&gt;PROJCS[&amp;quot;WGS_1984_UTM_Zone_11N&amp;quot;,GEOGCS[&amp;quot;GCS_WGS_1984&amp;quot;,DATUM[&amp;quot;D_WGS_1984&amp;quot;,SPHEROID[&amp;quot;WGS_1984&amp;quot;,6378137.0,298.257223563]],PRIMEM[&amp;quot;Greenwich&amp;quot;,0.0],UNIT[&amp;quot;Degree&amp;quot;,0.0174532925199433]],PROJECTION[&amp;quot;Transverse_Mercator&amp;quot;],PARAMETER[&amp;quot;False_Easting&amp;quot;,500000.0],PARAMETER[&amp;quot;False_Northing&amp;quot;,0.0],PARAMETER[&amp;quot;Central_Meridian&amp;quot;,-117.0],PARAMETER[&amp;quot;Scale_Factor&amp;quot;,0.9996],PARAMETER[&amp;quot;Latitude_Of_Origin&amp;quot;,0.0],UNIT[&amp;quot;Meter&amp;quot;,1.0],AUTHORITY[&amp;quot;EPSG&amp;quot;,32611]]&lt;/WKT&gt;&lt;XOrigin&gt;-5120900&lt;/XOrigin&gt;&lt;YOrigin&gt;-9998100&lt;/YOrigin&gt;&lt;XYScale&gt;450445547.3910538&lt;/XYScale&gt;&lt;ZOrigin&gt;-100000&lt;/ZOrigin&gt;&lt;ZScale&gt;10000&lt;/ZScale&gt;&lt;MOrigin&gt;-100000&lt;/MOrigin&gt;&lt;MScale&gt;10000&lt;/MScale&gt;&lt;XYTolerance&gt;0.001&lt;/XYTolerance&gt;&lt;ZTolerance&gt;0.001&lt;/ZTolerance&gt;&lt;MTolerance&gt;0.001&lt;/MTolerance&gt;&lt;HighPrecision&gt;true&lt;/HighPrecision&gt;&lt;WKID&gt;32611&lt;/WKID&gt;&lt;/ProjectedCoordinateSystem&gt;</peXml></coordRef></DataProperties><MetaID>{45DCAF0B-7CC8-49E6-87C2-18354F97D332}</MetaID></Esri><dataIdInfo><envirDesc Sync="TRUE">Microsoft Windows Vista Version 6.0 (Build 6002) Service Pack 2; ESRI ArcCatalog 9.3.1.3000</envirDesc><dataLang><languageCode Sync="TRUE" value="en" country="US"></languageCode></dataLang><idCitation><resTitle Sync="TRUE">LakeMead_High_19830622</resTitle><presForm><PresFormCd Sync="TRUE" value="005"></PresFormCd></presForm></idCitation><spatRpType><SpatRepTypCd Sync="TRUE" value="001"></SpatRepTypCd></spatRpType><dataExt><geoEle><GeoBndBox esriExtentType="search"><westBL Sync="TRUE">-114.917975</westBL><eastBL Sync="TRUE">-113.835818</eastBL><northBL Sync="TRUE">36.582010</northBL><southBL Sync="TRUE">35.090163</southBL><exTypeCode Sync="TRUE">1</exTypeCode></GeoBndBox><GeoBndBox esriExtentType="native"><westBL Sync="TRUE">689743.015758</westBL><eastBL Sync="TRUE">783196.666954</eastBL><northBL Sync="TRUE">4050598.435971</northBL><southBL Sync="TRUE">3887457.621232</southBL><exTypeCode Sync="TRUE">1</exTypeCode></GeoBndBox></geoEle></dataExt><geoBox esriExtentType="decdegrees"><westBL Sync="TRUE">-114.917975</westBL><eastBL Sync="TRUE">-113.835818</eastBL><northBL Sync="TRUE">36.58201</northBL><southBL Sync="TRUE">35.090163</southBL><exTypeCode Sync="TRUE">1</exTypeCode></geoBox><descKeys><thesaName uuidref="723f6998-058e-11dc-8314-0800200c9a66"></thesaName><keyword Sync="TRUE">002</keyword></descKeys></dataIdInfo><mdLang><languageCode Sync="TRUE" value="en"></languageCode></mdLang><mdStanName Sync="TRUE">ISO 19115 Geographic Information - Metadata</mdStanName><mdStanVer Sync="TRUE">DIS_ESRI1.0</mdStanVer><mdChar><CharSetCd Sync="TRUE" value="004"></CharSetCd></mdChar><mdHrLv><ScopeCd Sync="TRUE" value="005"></ScopeCd></mdHrLv><mdHrLvName Sync="TRUE">dataset</mdHrLvName><distInfo><distributor><distorTran><onLineSrc><orDesc Sync="TRUE">002</orDesc><linkage Sync="TRUE">file://\\CCGIS1\gisdata\crgen\shapefil\LakeMead_High_19830622</linkage><protocol Sync="TRUE">Local Area Network</protocol></onLineSrc><transSize Sync="TRUE">0.202</transSize></distorTran><distorFormat><formatName Sync="TRUE">Shapefile</formatName></distorFormat></distributor><distFormat><formatName Sync="TRUE">Shapefile</formatName></distFormat><distTranOps><transSize Sync="TRUE">0.202</transSize></distTranOps></distInfo><refSysInfo><RefSystem><refSysID><identCode Sync="TRUE" code="32611">WGS_1984_UTM_Zone_11N</identCode><idCodeSpace Sync="TRUE">EPSG</idCodeSpace><idVersion Sync="TRUE">7.4.1</idVersion></refSysID></RefSystem></refSysInfo><spatRepInfo><VectSpatRep><topLvl><TopoLevCd Sync="TRUE" value="001"></TopoLevCd></topLvl><geometObjs Name="LakeMead_High_19830622"><geoObjTyp><GeoObjTypCd Sync="TRUE" value="001"></GeoObjTypCd></geoObjTyp><geoObjCnt Sync="TRUE">90</geoObjCnt></geometObjs></VectSpatRep></spatRepInfo><mdDateSt Sync="TRUE">20100921</mdDateSt></metadata>
