<?xml version="1.0" encoding="UTF-8"?>
<metadata xml:lang="en"><Esri><CreaDate>20150710</CreaDate><CreaTime>10190900</CreaTime><ArcGISFormat>1.0</ArcGISFormat><SyncOnce>FALSE</SyncOnce><DataProperties><itemProps><itemName Sync="TRUE">Septic_p</itemName><imsContentType Sync="TRUE">002</imsContentType><itemSize Sync="TRUE">0.000</itemSize><itemLocation><linkage Sync="TRUE">file://\\CCGIS1\gisdata\crgen\shapefil\Septic_p.shp</linkage><protocol Sync="TRUE">Local Area Network</protocol></itemLocation></itemProps><coordRef><type Sync="TRUE">Projected</type><geogcsn Sync="TRUE">GCS_North_American_1983</geogcsn><csUnits Sync="TRUE">Linear Unit: Foot_US (0.304801)</csUnits><projcsn Sync="TRUE">NAD_1983_StatePlane_Nevada_East_FIPS_2701_Feet</projcsn><peXml Sync="TRUE">&lt;ProjectedCoordinateSystem xsi:type='typens:ProjectedCoordinateSystem' xmlns:xsi='http://www.w3.org/2001/XMLSchema-instance' xmlns:xs='http://www.w3.org/2001/XMLSchema' xmlns:typens='http://www.esri.com/schemas/ArcGIS/10.1'&gt;&lt;WKT&gt;PROJCS[&amp;quot;NAD_1983_StatePlane_Nevada_East_FIPS_2701_Feet&amp;quot;,GEOGCS[&amp;quot;GCS_North_American_1983&amp;quot;,DATUM[&amp;quot;D_North_American_1983&amp;quot;,SPHEROID[&amp;quot;GRS_1980&amp;quot;,6378137.0,298.257222101]],PRIMEM[&amp;quot;Greenwich&amp;quot;,0.0],UNIT[&amp;quot;Degree&amp;quot;,0.0174532925199433]],PROJECTION[&amp;quot;Transverse_Mercator&amp;quot;],PARAMETER[&amp;quot;False_Easting&amp;quot;,656166.6666666665],PARAMETER[&amp;quot;False_Northing&amp;quot;,26246666.66666666],PARAMETER[&amp;quot;Central_Meridian&amp;quot;,-115.5833333333333],PARAMETER[&amp;quot;Scale_Factor&amp;quot;,0.9999],PARAMETER[&amp;quot;Latitude_Of_Origin&amp;quot;,34.75],UNIT[&amp;quot;Foot_US&amp;quot;,0.3048006096012192],AUTHORITY[&amp;quot;EPSG&amp;quot;,3421]]&lt;/WKT&gt;&lt;XOrigin&gt;-17790500&lt;/XOrigin&gt;&lt;YOrigin&gt;-19184900&lt;/YOrigin&gt;&lt;XYScale&gt;137255069.87923574&lt;/XYScale&gt;&lt;ZOrigin&gt;-100000&lt;/ZOrigin&gt;&lt;ZScale&gt;10000&lt;/ZScale&gt;&lt;MOrigin&gt;-100000&lt;/MOrigin&gt;&lt;MScale&gt;10000&lt;/MScale&gt;&lt;XYTolerance&gt;0.0032808333333333331&lt;/XYTolerance&gt;&lt;ZTolerance&gt;0.001&lt;/ZTolerance&gt;&lt;MTolerance&gt;0.001&lt;/MTolerance&gt;&lt;HighPrecision&gt;true&lt;/HighPrecision&gt;&lt;WKID&gt;102707&lt;/WKID&gt;&lt;LatestWKID&gt;3421&lt;/LatestWKID&gt;&lt;/ProjectedCoordinateSystem&gt;</peXml></coordRef><lineage><Process ToolSource="d:\program files (x86)\arcgis\desktop10.1\ArcToolbox\Toolboxes\Conversion Tools.tbx\FeatureClassToFeatureClass" Date="20150710" Time="101913">FeatureClassToFeatureClass g:\user\gi\common\PTS_Items\INC450547\Septic_07102015.gdb\septic_p_07102015_aoext g:\gisdata\crgen\shapefil Septic_p.shp # "APN "APN" true true false 12 Text 0 0 ,First,#,g:\user\gi\common\PTS_Items\INC450547\Septic_07102015.gdb\septic_p_07102015_aoext,APN,-1,-1;Status "Status" true true false 255 Text 0 0 ,First,#,g:\user\gi\common\PTS_Items\INC450547\Septic_07102015.gdb\septic_p_07102015_aoext,Status,-1,-1;Permit "Permit" true true false 255 Text 0 0 ,First,#,g:\user\gi\common\PTS_Items\INC450547\Septic_07102015.gdb\septic_p_07102015_aoext,Permit,-1,-1;OWNER "OWNER" true true false 100 Text 0 0 ,First,#,g:\user\gi\common\PTS_Items\INC450547\Septic_07102015.gdb\septic_p_07102015_aoext,OWNER,-1,-1;OWNER2 "OWNER2" true true false 100 Text 0 0 ,First,#,g:\user\gi\common\PTS_Items\INC450547\Septic_07102015.gdb\septic_p_07102015_aoext,OWNER2,-1,-1;MAIL_ADDRE "MAIL_ADDRESS1" true true false 50 Text 0 0 ,First,#,g:\user\gi\common\PTS_Items\INC450547\Septic_07102015.gdb\septic_p_07102015_aoext,MAIL_ADDRESS1,-1,-1;MAIL_ADD_1 "MAIL_ADDRESS2" true true false 50 Text 0 0 ,First,#,g:\user\gi\common\PTS_Items\INC450547\Septic_07102015.gdb\septic_p_07102015_aoext,MAIL_ADDRESS2,-1,-1;MAIL_ADD_2 "MAIL_ADDRESS3" true true false 50 Text 0 0 ,First,#,g:\user\gi\common\PTS_Items\INC450547\Septic_07102015.gdb\septic_p_07102015_aoext,MAIL_ADDRESS3,-1,-1;MAIL_CITY "MAIL_CITY" true true false 50 Text 0 0 ,First,#,g:\user\gi\common\PTS_Items\INC450547\Septic_07102015.gdb\septic_p_07102015_aoext,MAIL_CITY,-1,-1;MAIL_STATE "MAIL_STATE" true true false 50 Text 0 0 ,First,#,g:\user\gi\common\PTS_Items\INC450547\Septic_07102015.gdb\septic_p_07102015_aoext,MAIL_STATE,-1,-1;MAIL_COUNT "MAIL_COUNTRY" true true false 50 Text 0 0 ,First,#,g:\user\gi\common\PTS_Items\INC450547\Septic_07102015.gdb\septic_p_07102015_aoext,MAIL_COUNTRY,-1,-1;MAIL_ZIPCO "MAIL_ZIPCODE" true true false 10 Text 0 0 ,First,#,g:\user\gi\common\PTS_Items\INC450547\Septic_07102015.gdb\septic_p_07102015_aoext,MAIL_ZIPCODE,-1,-1;LOC_STRNO "LOC_STRNO" true true false 4 Long 0 0 ,First,#,g:\user\gi\common\PTS_Items\INC450547\Septic_07102015.gdb\septic_p_07102015_aoext,LOC_STRNO,-1,-1;LOC_STRDIR "LOC_STRDIR" true true false 4 Text 0 0 ,First,#,g:\user\gi\common\PTS_Items\INC450547\Septic_07102015.gdb\septic_p_07102015_aoext,LOC_STRDIR,-1,-1;LOC_STRNAM "LOC_STRNAME" true true false 50 Text 0 0 ,First,#,g:\user\gi\common\PTS_Items\INC450547\Septic_07102015.gdb\septic_p_07102015_aoext,LOC_STRNAME,-1,-1;LOC_STRTYP "LOC_STRTYPE" true true false 10 Text 0 0 ,First,#,g:\user\gi\common\PTS_Items\INC450547\Septic_07102015.gdb\septic_p_07102015_aoext,LOC_STRTYPE,-1,-1;LOC_STRUNI "LOC_STRUNIT" true true false 15 Text 0 0 ,First,#,g:\user\gi\common\PTS_Items\INC450547\Septic_07102015.gdb\septic_p_07102015_aoext,LOC_STRUNIT,-1,-1;LOC_CITY "LOC_CITY" true true false 50 Text 0 0 ,First,#,g:\user\gi\common\PTS_Items\INC450547\Septic_07102015.gdb\septic_p_07102015_aoext,LOC_CITY,-1,-1;Shape_Leng "Shape_Length" false true true 8 Double 0 0 ,First,#,g:\user\gi\common\PTS_Items\INC450547\Septic_07102015.gdb\septic_p_07102015_aoext,Shape_Length,-1,-1;Shape_Area "Shape_Area" false true true 8 Double 0 0 ,First,#,g:\user\gi\common\PTS_Items\INC450547\Septic_07102015.gdb\septic_p_07102015_aoext,Shape_Area,-1,-1" #</Process></lineage></DataProperties><SyncDate>20150710</SyncDate><SyncTime>10190900</SyncTime><ModDate>20150710</ModDate><ModTime>10190900</ModTime></Esri><dataIdInfo><envirDesc Sync="TRUE">Microsoft Windows Server 2008 Version 6.0 (Build 6002) Service Pack 2; Esri ArcGIS 10.1.1.3143</envirDesc><dataLang><languageCode value="eng" Sync="TRUE"></languageCode><countryCode value="USA" Sync="TRUE"></countryCode></dataLang><idCitation><resTitle Sync="TRUE">Septic_p</resTitle><presForm><PresFormCd value="005" Sync="TRUE"></PresFormCd></presForm></idCitation><spatRpType><SpatRepTypCd value="001" Sync="TRUE"></SpatRepTypCd></spatRpType></dataIdInfo><mdLang><languageCode value="eng" Sync="TRUE"></languageCode><countryCode value="USA" Sync="TRUE"></countryCode></mdLang><mdChar><CharSetCd value="004" Sync="TRUE"></CharSetCd></mdChar><distInfo><distFormat><formatName Sync="TRUE">Shapefile</formatName></distFormat><distTranOps><transSize Sync="TRUE">0.000</transSize></distTranOps></distInfo><mdHrLv><ScopeCd value="005" Sync="TRUE"></ScopeCd></mdHrLv><mdHrLvName Sync="TRUE">dataset</mdHrLvName><refSysInfo><RefSystem><refSysID><identCode code="3421" Sync="TRUE"></identCode><idCodeSpace Sync="TRUE">EPSG</idCodeSpace><idVersion Sync="TRUE">7.11.2</idVersion></refSysID></RefSystem></refSysInfo><spatRepInfo><VectSpatRep><geometObjs Name="Septic_p"><geoObjTyp><GeoObjTypCd value="002" Sync="TRUE"></GeoObjTypCd></geoObjTyp><geoObjCnt Sync="TRUE">0</geoObjCnt></geometObjs><topLvl><TopoLevCd value="001" Sync="TRUE"></TopoLevCd></topLvl></VectSpatRep></spatRepInfo><spdoinfo><ptvctinf><esriterm Name="Septic_p"><efeatyp Sync="TRUE">Simple</efeatyp><efeageom code="4" Sync="TRUE"></efeageom><esritopo Sync="TRUE">FALSE</esritopo><efeacnt Sync="TRUE">0</efeacnt><spindex Sync="TRUE">FALSE</spindex><linrefer Sync="TRUE">FALSE</linrefer></esriterm></ptvctinf></spdoinfo><eainfo><detailed Name="Septic_p"><enttyp><enttypl Sync="TRUE">Septic_p</enttypl><enttypt Sync="TRUE">Feature Class</enttypt><enttypc Sync="TRUE">0</enttypc></enttyp><attr><attrlabl Sync="TRUE">FID</attrlabl><attalias Sync="TRUE">FID</attalias><attrtype Sync="TRUE">OID</attrtype><attwidth Sync="TRUE">4</attwidth><atprecis Sync="TRUE">0</atprecis><attscale Sync="TRUE">0</attscale><attrdef Sync="TRUE">Internal feature number.</attrdef><attrdefs Sync="TRUE">Esri</attrdefs><attrdomv><udom Sync="TRUE">Sequential unique whole numbers that are automatically generated.</udom></attrdomv></attr><attr><attrlabl Sync="TRUE">Shape</attrlabl><attalias Sync="TRUE">Shape</attalias><attrtype Sync="TRUE">Geometry</attrtype><attwidth Sync="TRUE">0</attwidth><atprecis Sync="TRUE">0</atprecis><attscale Sync="TRUE">0</attscale><attrdef Sync="TRUE">Feature geometry.</attrdef><attrdefs Sync="TRUE">Esri</attrdefs><attrdomv><udom Sync="TRUE">Coordinates defining the features.</udom></attrdomv></attr><attr><attrlabl Sync="TRUE">APN</attrlabl><attalias Sync="TRUE">APN</attalias><attrtype Sync="TRUE">String</attrtype><attwidth Sync="TRUE">12</attwidth><atprecis Sync="TRUE">0</atprecis><attscale Sync="TRUE">0</attscale></attr><attr><attrlabl Sync="TRUE">Status</attrlabl><attalias Sync="TRUE">Status</attalias><attrtype Sync="TRUE">String</attrtype><attwidth Sync="TRUE">254</attwidth><atprecis Sync="TRUE">0</atprecis><attscale Sync="TRUE">0</attscale></attr><attr><attrlabl Sync="TRUE">Permit</attrlabl><attalias Sync="TRUE">Permit</attalias><attrtype Sync="TRUE">String</attrtype><attwidth Sync="TRUE">254</attwidth><atprecis Sync="TRUE">0</atprecis><attscale Sync="TRUE">0</attscale></attr><attr><attrlabl Sync="TRUE">OWNER</attrlabl><attalias Sync="TRUE">OWNER</attalias><attrtype Sync="TRUE">String</attrtype><attwidth Sync="TRUE">100</attwidth><atprecis Sync="TRUE">0</atprecis><attscale Sync="TRUE">0</attscale></attr><attr><attrlabl Sync="TRUE">OWNER2</attrlabl><attalias Sync="TRUE">OWNER2</attalias><attrtype Sync="TRUE">String</attrtype><attwidth Sync="TRUE">100</attwidth><atprecis Sync="TRUE">0</atprecis><attscale Sync="TRUE">0</attscale></attr><attr><attrlabl Sync="TRUE">MAIL_ADDRE</attrlabl><attalias Sync="TRUE">MAIL_ADDRE</attalias><attrtype Sync="TRUE">String</attrtype><attwidth Sync="TRUE">50</attwidth><atprecis Sync="TRUE">0</atprecis><attscale Sync="TRUE">0</attscale></attr><attr><attrlabl Sync="TRUE">MAIL_ADD_1</attrlabl><attalias Sync="TRUE">MAIL_ADD_1</attalias><attrtype Sync="TRUE">String</attrtype><attwidth Sync="TRUE">50</attwidth><atprecis Sync="TRUE">0</atprecis><attscale Sync="TRUE">0</attscale></attr><attr><attrlabl Sync="TRUE">MAIL_ADD_2</attrlabl><attalias Sync="TRUE">MAIL_ADD_2</attalias><attrtype Sync="TRUE">String</attrtype><attwidth Sync="TRUE">50</attwidth><atprecis Sync="TRUE">0</atprecis><attscale Sync="TRUE">0</attscale></attr><attr><attrlabl Sync="TRUE">MAIL_CITY</attrlabl><attalias Sync="TRUE">MAIL_CITY</attalias><attrtype Sync="TRUE">String</attrtype><attwidth Sync="TRUE">50</attwidth><atprecis Sync="TRUE">0</atprecis><attscale Sync="TRUE">0</attscale></attr><attr><attrlabl Sync="TRUE">MAIL_STATE</attrlabl><attalias Sync="TRUE">MAIL_STATE</attalias><attrtype Sync="TRUE">String</attrtype><attwidth Sync="TRUE">50</attwidth><atprecis Sync="TRUE">0</atprecis><attscale Sync="TRUE">0</attscale></attr><attr><attrlabl Sync="TRUE">MAIL_COUNT</attrlabl><attalias Sync="TRUE">MAIL_COUNT</attalias><attrtype Sync="TRUE">String</attrtype><attwidth Sync="TRUE">50</attwidth><atprecis Sync="TRUE">0</atprecis><attscale Sync="TRUE">0</attscale></attr><attr><attrlabl Sync="TRUE">MAIL_ZIPCO</attrlabl><attalias Sync="TRUE">MAIL_ZIPCO</attalias><attrtype Sync="TRUE">String</attrtype><attwidth Sync="TRUE">10</attwidth><atprecis Sync="TRUE">0</atprecis><attscale Sync="TRUE">0</attscale></attr><attr><attrlabl Sync="TRUE">LOC_STRNO</attrlabl><attalias Sync="TRUE">LOC_STRNO</attalias><attrtype Sync="TRUE">Integer</attrtype><attwidth Sync="TRUE">9</attwidth><atprecis Sync="TRUE">9</atprecis><attscale Sync="TRUE">0</attscale></attr><attr><attrlabl Sync="TRUE">LOC_STRDIR</attrlabl><attalias Sync="TRUE">LOC_STRDIR</attalias><attrtype Sync="TRUE">String</attrtype><attwidth Sync="TRUE">4</attwidth><atprecis Sync="TRUE">0</atprecis><attscale Sync="TRUE">0</attscale></attr><attr><attrlabl Sync="TRUE">LOC_STRNAM</attrlabl><attalias Sync="TRUE">LOC_STRNAM</attalias><attrtype Sync="TRUE">String</attrtype><attwidth Sync="TRUE">50</attwidth><atprecis Sync="TRUE">0</atprecis><attscale Sync="TRUE">0</attscale></attr><attr><attrlabl Sync="TRUE">LOC_STRTYP</attrlabl><attalias Sync="TRUE">LOC_STRTYP</attalias><attrtype Sync="TRUE">String</attrtype><attwidth Sync="TRUE">10</attwidth><atprecis Sync="TRUE">0</atprecis><attscale Sync="TRUE">0</attscale></attr><attr><attrlabl Sync="TRUE">LOC_STRUNI</attrlabl><attalias Sync="TRUE">LOC_STRUNI</attalias><attrtype Sync="TRUE">String</attrtype><attwidth Sync="TRUE">15</attwidth><atprecis Sync="TRUE">0</atprecis><attscale Sync="TRUE">0</attscale></attr><attr><attrlabl Sync="TRUE">LOC_CITY</attrlabl><attalias Sync="TRUE">LOC_CITY</attalias><attrtype Sync="TRUE">String</attrtype><attwidth Sync="TRUE">50</attwidth><atprecis Sync="TRUE">0</atprecis><attscale Sync="TRUE">0</attscale></attr><attr><attrlabl Sync="TRUE">Shape_Leng</attrlabl><attalias Sync="TRUE">Shape_Leng</attalias><attrtype Sync="TRUE">Double</attrtype><attwidth Sync="TRUE">19</attwidth><atprecis Sync="TRUE">0</atprecis><attscale Sync="TRUE">0</attscale></attr><attr><attrlabl Sync="TRUE">Shape_Area</attrlabl><attalias Sync="TRUE">Shape_Area</attalias><attrtype Sync="TRUE">Double</attrtype><attwidth Sync="TRUE">19</attwidth><atprecis Sync="TRUE">0</atprecis><attscale Sync="TRUE">0</attscale><attrdef Sync="TRUE">Area of feature in internal units squared.</attrdef><attrdefs Sync="TRUE">Esri</attrdefs><attrdomv><udom Sync="TRUE">Positive real numbers that are automatically generated.</udom></attrdomv></attr></detailed></eainfo><mdDateSt Sync="TRUE">20150710</mdDateSt></metadata>
