<metadata xml:lang="en"><Esri><CreaDate>20150106</CreaDate><CreaTime>12152000</CreaTime><ArcGISFormat>1.0</ArcGISFormat><SyncOnce>FALSE</SyncOnce><DataProperties><itemProps><itemName Sync="TRUE">SpecCareHosp</itemName><imsContentType Sync="TRUE">002</imsContentType><itemLocation><linkage Sync="TRUE">file://\\CCGIS1\gisdata\crgen\shapefil\SpecCareHosp.shp</linkage><protocol Sync="TRUE">Local Area Network</protocol></itemLocation><itemSize Sync="TRUE">0.000</itemSize></itemProps><coordRef><type Sync="TRUE">Projected</type><geogcsn Sync="TRUE">GCS_North_American_1983</geogcsn><csUnits Sync="TRUE">Linear Unit: Foot_US (0.304801)</csUnits><projcsn Sync="TRUE">NAD_1983_StatePlane_Nevada_East_FIPS_2701_Feet</projcsn><peXml Sync="TRUE">&lt;ProjectedCoordinateSystem xsi:type='typens:ProjectedCoordinateSystem' xmlns:xsi='http://www.w3.org/2001/XMLSchema-instance' xmlns:xs='http://www.w3.org/2001/XMLSchema' xmlns:typens='http://www.esri.com/schemas/ArcGIS/10.1'&gt;&lt;WKT&gt;PROJCS[&amp;quot;NAD_1983_StatePlane_Nevada_East_FIPS_2701_Feet&amp;quot;,GEOGCS[&amp;quot;GCS_North_American_1983&amp;quot;,DATUM[&amp;quot;D_North_American_1983&amp;quot;,SPHEROID[&amp;quot;GRS_1980&amp;quot;,6378137.0,298.257222101]],PRIMEM[&amp;quot;Greenwich&amp;quot;,0.0],UNIT[&amp;quot;Degree&amp;quot;,0.0174532925199433]],PROJECTION[&amp;quot;Transverse_Mercator&amp;quot;],PARAMETER[&amp;quot;False_Easting&amp;quot;,656166.6666666665],PARAMETER[&amp;quot;False_Northing&amp;quot;,26246666.66666666],PARAMETER[&amp;quot;Central_Meridian&amp;quot;,-115.5833333333333],PARAMETER[&amp;quot;Scale_Factor&amp;quot;,0.9999],PARAMETER[&amp;quot;Latitude_Of_Origin&amp;quot;,34.75],UNIT[&amp;quot;Foot_US&amp;quot;,0.3048006096012192],AUTHORITY[&amp;quot;EPSG&amp;quot;,3421]]&lt;/WKT&gt;&lt;XOrigin&gt;-17790500&lt;/XOrigin&gt;&lt;YOrigin&gt;-19184900&lt;/YOrigin&gt;&lt;XYScale&gt;137255069.87923574&lt;/XYScale&gt;&lt;ZOrigin&gt;-100000&lt;/ZOrigin&gt;&lt;ZScale&gt;10000&lt;/ZScale&gt;&lt;MOrigin&gt;-100000&lt;/MOrigin&gt;&lt;MScale&gt;10000&lt;/MScale&gt;&lt;XYTolerance&gt;0.0032808333333333331&lt;/XYTolerance&gt;&lt;ZTolerance&gt;0.001&lt;/ZTolerance&gt;&lt;MTolerance&gt;0.001&lt;/MTolerance&gt;&lt;HighPrecision&gt;true&lt;/HighPrecision&gt;&lt;WKID&gt;102707&lt;/WKID&gt;&lt;LatestWKID&gt;3421&lt;/LatestWKID&gt;&lt;/ProjectedCoordinateSystem&gt;</peXml></coordRef><lineage><Process ToolSource="c:\program files (x86)\arcgis\desktop10.2\ArcToolbox\Toolboxes\Conversion Tools.tbx\FeatureClassToFeatureClass" Date="20150106" Time="121521">FeatureClassToFeatureClass \\ccgis1\user\gi\common\PTS_Items\INC412724\shapefiles\NursingFacility.shp \\ccgis1\user\gi\common\PTS_Items\INC412724\INC412724.gdb NursingFacility # "Name "Name" true true false 60 Text 0 0 ,First,#,\\ccgis1\user\gi\common\PTS_Items\INC412724\shapefiles\NursingFacility.shp,Name,0,50;Address "Address" true true false 254 Text 0 0 ,First,#,\\ccgis1\user\gi\common\PTS_Items\INC412724\shapefiles\NursingFacility.shp,Address,0,50;Owner "Owner" true true false 254 Text 0 0 ,First,#,\\ccgis1\user\gi\common\PTS_Items\INC412724\shapefiles\NursingFacility.shp,Owner,0,20;NumBeds "NumBeds" true true false 16 Double 6 15 ,First,#,\\ccgis1\user\gi\common\PTS_Items\INC412724\shapefiles\NursingFacility.shp,Number_of,-1,-1;Type "Type" true true false 254 Text 0 0 ,First,#,\\ccgis1\user\gi\common\PTS_Items\INC412724\shapefiles\NursingFacility.shp,Type,0,30;Updated "Updated" true true false 10 Text 0 0 ,First,#,\\ccgis1\user\gi\common\PTS_Items\INC412724\shapefiles\NursingFacility.shp,Updated,-1,-1" #</Process><Process ToolSource="c:\program files (x86)\arcgis\desktop10.2\ArcToolbox\Toolboxes\Data Management Tools.tbx\CalculateField" Date="20150106" Time="121650">CalculateField NursingFacility Name1 [Name] VB #</Process><Process ToolSource="c:\program files (x86)\arcgis\desktop10.2\ArcToolbox\Toolboxes\Data Management Tools.tbx\CalculateField" Date="20150106" Time="121735">CalculateField NursingFacility Name [Name1] VB #</Process><Process ToolSource="c:\program files (x86)\arcgis\desktop10.2\ArcToolbox\Toolboxes\Data Management Tools.tbx\CalculateField" Date="20150106" Time="121816">CalculateField NursingFacility Add_ [Address] VB #</Process><Process ToolSource="c:\program files (x86)\arcgis\desktop10.2\ArcToolbox\Toolboxes\Data Management Tools.tbx\CalculateField" Date="20150106" Time="121845">CalculateField NursingFacility Address [Add_] VB #</Process><Process ToolSource="c:\program files (x86)\arcgis\desktop10.2\ArcToolbox\Toolboxes\Data Management Tools.tbx\CalculateField" Date="20150106" Time="121915">CalculateField NursingFacility Own [Owner] VB #</Process><Process ToolSource="c:\program files (x86)\arcgis\desktop10.2\ArcToolbox\Toolboxes\Data Management Tools.tbx\CalculateField" Date="20150106" Time="121941">CalculateField NursingFacility Owner [Own] VB #</Process><Process ToolSource="c:\program files (x86)\arcgis\desktop10.2\ArcToolbox\Toolboxes\Data Management Tools.tbx\CalculateField" Date="20150106" Time="122009">CalculateField NursingFacility T [Type] VB #</Process><Process ToolSource="c:\program files (x86)\arcgis\desktop10.2\ArcToolbox\Toolboxes\Data Management Tools.tbx\CalculateField" Date="20150106" Time="122034">CalculateField NursingFacility Type [T] VB #</Process><Process ToolSource="c:\program files (x86)\arcgis\desktop10.2\ArcToolbox\Toolboxes\Data Management Tools.tbx\CalculateField" Date="20150106" Time="122101">CalculateField NursingFacility NB [NumBeds] VB #</Process><Process ToolSource="c:\program files (x86)\arcgis\desktop10.2\ArcToolbox\Toolboxes\Data Management Tools.tbx\CalculateField" Date="20150106" Time="122125">CalculateField NursingFacility NumBeds [NB] VB #</Process><Process ToolSource="c:\program files (x86)\arcgis\desktop10.2\ArcToolbox\Toolboxes\Data Management Tools.tbx\CalculateField" Date="20150106" Time="122151">CalculateField NursingFacility U [Updated] VB #</Process><Process ToolSource="c:\program files (x86)\arcgis\desktop10.2\ArcToolbox\Toolboxes\Data Management Tools.tbx\CalculateField" Date="20150106" Time="122219">CalculateField NursingFacility Updated [U] VB #</Process><Process ToolSource="c:\program files (x86)\arcgis\desktop10.2\ArcToolbox\Toolboxes\Data Management Tools.tbx\Merge" Date="20150106" Time="123329">Merge \\ccgis1\user\gi\common\PTS_Items\INC412724\INC412724.gdb\NursingFacility;\\ccgis1\user\gi\common\PTS_Items\INC412724\INC412724.gdb\SpecCareHosp_changes \\ccgis1\user\gi\common\PTS_Items\INC412724\INC412724.gdb\SpecCareHosp "Name "Name" true true false 50 Text 0 0 ,First,#,\\ccgis1\user\gi\common\PTS_Items\INC412724\INC412724.gdb\NursingFacility,Name,-1,-1,\\ccgis1\user\gi\common\PTS_Items\INC412724\INC412724.gdb\SpecCareHosp_changes,Name,-1,-1;Address "Address" true true false 50 Text 0 0 ,First,#,\\ccgis1\user\gi\common\PTS_Items\INC412724\INC412724.gdb\NursingFacility,Address,-1,-1,\\ccgis1\user\gi\common\PTS_Items\INC412724\INC412724.gdb\SpecCareHosp_changes,Address,-1,-1;Owner "Owner" true true false 20 Text 0 0 ,First,#,\\ccgis1\user\gi\common\PTS_Items\INC412724\INC412724.gdb\NursingFacility,Owner,-1,-1,\\ccgis1\user\gi\common\PTS_Items\INC412724\INC412724.gdb\SpecCareHosp_changes,Owner,-1,-1;Type "Type" true true false 30 Text 0 0 ,First,#,\\ccgis1\user\gi\common\PTS_Items\INC412724\INC412724.gdb\NursingFacility,Type,-1,-1,\\ccgis1\user\gi\common\PTS_Items\INC412724\INC412724.gdb\SpecCareHosp_changes,Type,-1,-1;NumBeds "NumBeds" true true false 4 Long 0 0 ,First,#,\\ccgis1\user\gi\common\PTS_Items\INC412724\INC412724.gdb\NursingFacility,NumBeds,-1,-1,\\ccgis1\user\gi\common\PTS_Items\INC412724\INC412724.gdb\SpecCareHosp_changes,NumBeds,-1,-1;Updated "Updated" true true false 10 Text 0 0 ,First,#,\\ccgis1\user\gi\common\PTS_Items\INC412724\INC412724.gdb\NursingFacility,Updated,-1,-1,\\ccgis1\user\gi\common\PTS_Items\INC412724\INC412724.gdb\SpecCareHosp_changes,Updated,-1,-1"</Process><Process ToolSource="c:\program files (x86)\arcgis\desktop10.2\ArcToolbox\Toolboxes\Data Management Tools.tbx\Sort" Date="20150106" Time="123652">Sort \\ccgis1\user\gi\common\PTS_Items\INC412724\INC412724.gdb\SpecCareHosp_merge \\ccgis1\user\gi\common\PTS_Items\INC412724\INC412724.gdb\SpecCareHosp "Name ASCENDING" UR</Process><Process ToolSource="d:\program files (x86)\arcgis\desktop10.1\ArcToolbox\Toolboxes\Conversion Tools.tbx\FeatureClassToFeatureClass" Date="20150107" Time="083553">FeatureClassToFeatureClass g:\user\gi\common\PTS_Items\INC412724\INC412724.gdb\SpecCareHosp g:\gisdata\crgen\shapefil SpecCareHosp.shp # "Name "Name" true true false 50 Text 0 0 ,First,#,g:\user\gi\common\PTS_Items\INC412724\INC412724.gdb\SpecCareHosp,Name,-1,-1;Address "Address" true true false 50 Text 0 0 ,First,#,g:\user\gi\common\PTS_Items\INC412724\INC412724.gdb\SpecCareHosp,Address,-1,-1;Owner "Owner" true true false 20 Text 0 0 ,First,#,g:\user\gi\common\PTS_Items\INC412724\INC412724.gdb\SpecCareHosp,Owner,-1,-1;Type "Type" true true false 30 Text 0 0 ,First,#,g:\user\gi\common\PTS_Items\INC412724\INC412724.gdb\SpecCareHosp,Type,-1,-1;NumBeds "NumBeds" true true false 4 Long 0 0 ,First,#,g:\user\gi\common\PTS_Items\INC412724\INC412724.gdb\SpecCareHosp,NumBeds,-1,-1;Updated "Updated" true true false 10 Text 0 0 ,First,#,g:\user\gi\common\PTS_Items\INC412724\INC412724.gdb\SpecCareHosp,Updated,-1,-1" #</Process></lineage></DataProperties><SyncDate>20150107</SyncDate><SyncTime>08355300</SyncTime><ModDate>20150107</ModDate><ModTime>08355300</ModTime></Esri><dataIdInfo><envirDesc Sync="TRUE">Microsoft Windows Server 2008 Version 6.0 (Build 6002) Service Pack 2; Esri ArcGIS 10.1.1.3143</envirDesc><dataLang><languageCode value="eng" Sync="TRUE"></languageCode><countryCode value="USA" Sync="TRUE"></countryCode></dataLang><idCitation><resTitle Sync="TRUE">SpecCareHosp</resTitle><presForm><PresFormCd value="005" Sync="TRUE"></PresFormCd></presForm></idCitation><spatRpType><SpatRepTypCd value="001" Sync="TRUE"></SpatRepTypCd></spatRpType></dataIdInfo><mdLang><languageCode value="eng" Sync="TRUE"></languageCode><countryCode value="USA" Sync="TRUE"></countryCode></mdLang><distInfo><distFormat><formatName Sync="TRUE">Shapefile</formatName></distFormat><distTranOps><transSize Sync="TRUE">0.000</transSize></distTranOps></distInfo><mdHrLv><ScopeCd value="005" Sync="TRUE"></ScopeCd></mdHrLv><mdHrLvName Sync="TRUE">dataset</mdHrLvName><refSysInfo><RefSystem><refSysID><identCode code="3421" Sync="TRUE"></identCode><idCodeSpace Sync="TRUE">EPSG</idCodeSpace><idVersion Sync="TRUE">7.11.2</idVersion></refSysID></RefSystem></refSysInfo><spatRepInfo><VectSpatRep><geometObjs Name="SpecCareHosp"><geoObjTyp><GeoObjTypCd value="004" Sync="TRUE"></GeoObjTypCd></geoObjTyp><geoObjCnt Sync="TRUE">0</geoObjCnt></geometObjs><topLvl><TopoLevCd value="001" Sync="TRUE"></TopoLevCd></topLvl></VectSpatRep></spatRepInfo><spdoinfo><ptvctinf><esriterm Name="SpecCareHosp"><efeatyp Sync="TRUE">Simple</efeatyp><efeageom code="1" Sync="TRUE"></efeageom><esritopo Sync="TRUE">FALSE</esritopo><efeacnt Sync="TRUE">0</efeacnt><spindex Sync="TRUE">FALSE</spindex><linrefer Sync="TRUE">FALSE</linrefer></esriterm></ptvctinf></spdoinfo><eainfo><detailed Name="SpecCareHosp"><enttyp><enttypl Sync="TRUE">SpecCareHosp</enttypl><enttypt Sync="TRUE">Feature Class</enttypt><enttypc Sync="TRUE">0</enttypc></enttyp><attr><attrlabl Sync="TRUE">FID</attrlabl><attalias Sync="TRUE">FID</attalias><attrtype Sync="TRUE">OID</attrtype><attwidth Sync="TRUE">4</attwidth><atprecis Sync="TRUE">0</atprecis><attscale Sync="TRUE">0</attscale><attrdef Sync="TRUE">Internal feature number.</attrdef><attrdefs Sync="TRUE">Esri</attrdefs><attrdomv><udom Sync="TRUE">Sequential unique whole numbers that are automatically generated.</udom></attrdomv></attr><attr><attrlabl Sync="TRUE">Shape</attrlabl><attalias Sync="TRUE">Shape</attalias><attrtype Sync="TRUE">Geometry</attrtype><attwidth Sync="TRUE">0</attwidth><atprecis Sync="TRUE">0</atprecis><attscale Sync="TRUE">0</attscale><attrdef Sync="TRUE">Feature geometry.</attrdef><attrdefs Sync="TRUE">Esri</attrdefs><attrdomv><udom Sync="TRUE">Coordinates defining the features.</udom></attrdomv></attr><attr><attrlabl Sync="TRUE">Name</attrlabl><attalias Sync="TRUE">Name</attalias><attrtype Sync="TRUE">String</attrtype><attwidth Sync="TRUE">50</attwidth><atprecis Sync="TRUE">0</atprecis><attscale Sync="TRUE">0</attscale></attr><attr><attrlabl Sync="TRUE">Address</attrlabl><attalias Sync="TRUE">Address</attalias><attrtype Sync="TRUE">String</attrtype><attwidth Sync="TRUE">50</attwidth><atprecis Sync="TRUE">0</atprecis><attscale Sync="TRUE">0</attscale></attr><attr><attrlabl Sync="TRUE">Owner</attrlabl><attalias Sync="TRUE">Owner</attalias><attrtype Sync="TRUE">String</attrtype><attwidth Sync="TRUE">20</attwidth><atprecis Sync="TRUE">0</atprecis><attscale Sync="TRUE">0</attscale></attr><attr><attrlabl Sync="TRUE">NumBeds</attrlabl><attalias Sync="TRUE">NumBeds</attalias><attrtype Sync="TRUE">Integer</attrtype><attwidth Sync="TRUE">9</attwidth><atprecis Sync="TRUE">9</atprecis><attscale Sync="TRUE">0</attscale></attr><attr><attrlabl Sync="TRUE">Type</attrlabl><attalias Sync="TRUE">Type</attalias><attrtype Sync="TRUE">String</attrtype><attwidth Sync="TRUE">30</attwidth><atprecis Sync="TRUE">0</atprecis><attscale Sync="TRUE">0</attscale></attr><attr><attrlabl Sync="TRUE">Updated</attrlabl><attalias Sync="TRUE">Updated</attalias><attrtype Sync="TRUE">String</attrtype><attwidth Sync="TRUE">10</attwidth><atprecis Sync="TRUE">0</atprecis><attscale Sync="TRUE">0</attscale></attr></detailed></eainfo><mdDateSt Sync="TRUE">20150107</mdDateSt></metadata>
