Geography,All ED Visits Num,"All ED Visits Age-Adjusted Rate per 100,000",Diabetes-Related ED Visits Num,"Diabetes-Related ED Visits Age-Adjusted Rate per 100,000",Coronary Heart Disease ED Visits Num,"Coronary Heart Disease ED Visits Age-Adjusted Rate per 100,000",Stroke ED Visits Num,"Stroke ED Visits Age-Adjusted Rate per 100,000",Obesity-Related ED Visits Num,"Obesity-Related ED Visits Age-Adjusted Rate per 100,000",Depression-Related ED Visits Num,"Depression-Related ED Visits Age-Adjusted Rate per 100,000",Mental Health ED Visits Num,"Mental Health ED Visits Age-Adjusted Rate per 100,000",Alcohol ED Visits Num,"Alcohol ED Visits Age-Adjusted Rate per 100,000",Drug ED Visits Num,"Drug ED Visits Age-Adjusted Rate per 100,000",Heart Disease ED Visits Num,"Heart Disease ED Visits Age-Adjusted Rate per 100,000",Congestive Heart Failure ED Visits Num,"Congestive Heart Failure ED Visits Age-Adjusted Rate per 100,000",Respiratory Illness ED Visits Num,"Respiratory Illness ED Visits Age-Adjusted Rate per 100,000",Acute Bronchitis ED Visits Num,"Acute Bronchitis ED Visits Age-Adjusted Rate per 100,000",Pneumonia ED Visits Num,"Pneumonia ED Visits Age-Adjusted Rate per 100,000",Chronic Bronchitis ED Visits Num,"Chronic Bronchitis ED Visits Age-Adjusted Rate per 100,000",Hypertension ED Visits Num,"Hypertension ED Visits Age-Adjusted Rate per 100,000",Asthma ED Visits Num,"Asthma ED Visits Age-Adjusted Rate per 100,000",Motor Vehicle Crash-Related ED Visits Num,"Motor Vehicle Crash-Related ED Visits Age-Adjusted Rate per 100,000",Self-Harm-Related ED Visits Num,"Self-Harm-Related ED Visits Age-Adjusted Rate per 100,000",Assault-Related ED Visits Num,"Assault-Related ED Visits Age-Adjusted Rate per 100,000",Unintentional Injury-Related ED Visits Num,"Unintentional Injury-Related ED Visits Age-Adjusted Rate per 100,000",Avoidable ED Visits Num,"Avoidable ED Visits Age-Adjusted Rate per 100,000"
Alameda County,1371285,29176.9,108580,2206.4,2396,48.9,3816,79.8,36325,756.5,39562,816.1,60726,1255.9,19769,397.7,7421,154.6,15023,310.9,3967,81.8,120265,2617,10165,218.9,8647,186.8,3844,76.5,8007,162.6,25165,545.8,36007,756.6,3906,84.1,18337,384.2,292669,6304.8,173156,3740.5
94501,50066,26666.1,3404,1586.2,107,47.5,161,75.5,1151,584.5,1263,642,2664,1336.3,1203,572.5,274,149.2,564,264,104,47,3621,2033.8,418,225.3,268,139,95,41,265,121.2,731,414.9,1354,728.9,134,76.3,517,287.3,12173,6654.2,6070,3298.9
94502,6442,15359,403,750.4,18,30.9,29,54.8,137,287.3,175,451.1,311,736.9,156,340.6,19,52.1,100,174.4,11,18.5,389,1017.2,40,101.1,48,118,28,52,46,81.6,61,162,151,412.8,15,42.5,46,130.6,1869,4568.4,547,1363.5
94536,49137,22806.3,4404,1985.3,114,52.3,181,82.7,1208,556.8,1641,755.8,2365,1094.8,662,293,246,115.8,688,313.1,148,70,4292,2000.1,466,213.8,285,131.5,99,45.1,376,167.9,835,388.6,1247,587.3,129,62.7,356,171.6,11218,5266.1,5724,2695.2
94538,47326,25743.6,4440,2524.5,101,60.9,125,75.4,1110,581.3,1526,794.8,2376,1257.5,616,315.2,225,116.5,528,308.5,102,63.3,4488,2469.9,497,268.2,273,154.3,115,68.4,300,168.1,828,461.7,1197,634.8,156,87.7,324,173.6,10229,5647.3,5741,3164
94539,16965,11641.6,1396,874.4,72,46,86,55,310,198.4,577,393.9,782,541.7,177,112.4,82,63.4,309,197.7,41,25.6,1119,817.2,115,78.8,105,73.6,21,14,115,72,193,136.1,497,328.8,57,41.1,103,77.8,4629,3187.5,1544,1088.2
94541,82222,42847.7,7552,4068.6,130,70.4,133,78,2133,1118.6,2873,1490.3,3552,1834.3,1024,521.3,427,218,677,376.6,184,103.9,8285,4270.4,809,415.9,630,328.3,206,111.5,398,213.3,1591,828.2,1934,995.5,219,113.4,925,473.5,16044,8412.8,11387,5971.6
94542,9411,23598.3,696,1678.4,23,52.5,40,101.1,277,682.8,349,805.9,337,786.1,74,178,49,106.6,114,264.9,29,67.6,856,2312.2,89,242.8,72,197.9,15,35.4,53,129.2,158,435.1,264,638.1,26,54.1,83,189,2139,5445.9,1169,3065.3
94544,94255,42222.3,8433,4120.1,143,73.2,222,115.5,2647,1221.3,3438,1569.5,3419,1538.4,895,400.2,414,181.1,699,353.9,190,96.5,10249,4484.3,1276,566,684,307.7,225,113.8,502,245.6,1617,720.3,2361,1040.8,197,86.5,966,418.6,17996,8066.2,14216,6392.1
94545,35116,37713.7,3707,3651.5,83,78.2,107,105.5,1169,1235.4,1363,1430,1566,1685.5,591,641.4,178,194,336,328.3,102,99,3662,4014.5,433,468.5,289,313.9,120,116.2,258,248.5,739,804.6,927,1002.3,105,114.1,365,398.9,6962,7588.8,4811,5304.8
94546,37925,29243.3,2720,1720,99,56.8,143,81.4,1101,813.7,1417,1048.3,1870,1410.6,691,493.1,222,177.3,505,304.2,102,54.8,3199,2624.5,286,225.2,264,199.8,105,63.6,217,144.4,628,521.9,942,760.3,116,97.4,338,277.9,9169,7186.5,4438,3546.5
94550,27416,19448.6,1185,737.6,48,28.4,157,95.8,694,458.4,727,512,1463,1080.4,401,277.9,264,203.5,456,280.9,72,44.3,2015,1498.8,205,151.7,254,182.7,62,37.6,148,91.2,316,229,711,525.6,125,95.5,198,154,7050,5025.9,2682,1965.1
94551,20754,19098,1003,955.3,25,26.3,69,77.9,515,456.6,608,529,1055,924.5,305,260.2,176,155.1,268,310.1,39,53.8,1719,1581.1,197,178.7,188,173.2,55,57.7,103,101.9,251,236.6,512,450.9,96,88.2,147,130.3,4778,4411.1,2187,2032.6
94552,6715,15204.6,419,838.3,18,34.8,35,71.4,177,346.9,214,463.7,261,578.1,82,161,23,57.6,97,199.6,12,28.2,469,1143.7,46,116.8,53,124.2,-1,-1,43,86,64,150.5,170,391.4,18,49.1,46,119.4,1879,4325.9,587,1388.7
94555,17816,17785.1,1641,1688.6,37,37.3,52,58,379,374.4,546,551.9,658,666,135,127.1,73,76.6,228,245.8,36,47.2,1626,1571.7,177,173.2,125,119.5,24,28.1,146,148.6,329,319.2,494,493.8,60,66.1,117,120.2,3944,3910.7,1945,1933.2
94560,35315,27205.9,3233,2508.3,87,69.3,98,80.4,1048,787.3,1049,792.8,1549,1182.7,408,300.7,161,123.3,416,338.8,89,78.6,3500,2687.7,398,305.2,237,184.9,76,60.5,211,162.7,675,520,892,676.7,99,78.7,226,172,7563,5852.8,4411,3438.4
94566,20865,16859.3,788,590.2,31,21.4,114,74.8,368,280.3,536,426.9,1022,854.7,307,248.8,157,133.8,336,233.8,43,33.7,1417,1216.4,150,129.5,179,143.9,49,34.3,125,84.3,229,191.1,519,425.9,95,77.8,137,135.5,5988,4788.8,1930,1636.1
94568,24481,17126.5,1092,882.7,27,25.1,92,88.3,522,341.7,668,460.3,1009,665.9,260,166.3,147,97.6,293,276,46,58,2037,1401.5,236,158.4,221,163.5,41,39.7,159,125.4,334,231.5,640,420.4,101,67.3,192,120.2,6421,4530.5,2464,1687.8
94577,43319,29747.4,3349,2032.8,130,74.6,148,84.7,1341,904.7,1113,742,1878,1279.5,576,377.5,235,170,514,297.1,119,64.1,3712,2632.2,323,227.1,256,167.7,120,70.2,285,173.6,824,597,1202,856.9,136,102.6,477,350.2,9061,6290,5444,3822.9
94578,45903,37832.1,3763,3138.5,73,60.7,87,75.5,1293,1068.1,1198,987.6,1746,1417,499,404.8,245,196.7,367,309.8,119,102.2,4379,3615.8,300,247.5,283,234.5,115,92.8,226,186.2,910,752.8,1182,961.6,147,123,586,468.9,8786,7296.1,6389,5324.7
94579,16527,27745.8,1674,2496.4,59,78.4,83,110.4,595,984,415,672.3,527,882,180,278.4,64,111.7,267,365.7,86,118.1,1403,2422,111,197.7,120,195.8,60,72.4,103,146.3,297,486.9,437,759,45,84.8,139,254,3693,6317.5,1805,3145.4
94580,25243,29472.2,2132,2399.3,52,58.6,93,105.1,912,1045.7,724,823.1,1029,1145.3,410,432.1,122,139.9,291,321.8,85,90.1,2404,2851.4,193,233.2,189,220.9,87,100.9,166,188.6,520,596.6,703,825.4,80,95,258,300,5772,6786.5,3198,3807.8
94586,715,24262.6,54,1273,-1,-1,-1,-1,11,366.7,17,533.9,35,1355.2,-1,-1,-1,-1,19,567.3,-1,-1,46,1703,-1,-1,-1,-1,-1,-1,-1,-1,-1,-1,20,745.5,-1,-1,-1,-1,206,7082.6,55,2178.2
94587,56479,26647.9,6422,2921,139,60.4,162,74.1,1642,760.5,1820,847,2329,1091.7,613,281.2,200,93.6,708,330.6,188,90.5,5421,2591.2,620,295.5,407,195.3,142,65.1,404,182.7,1083,513.9,1542,719.8,141,67.9,437,206.8,12118,5790.1,6972,3353
94588,15414,18087.4,531,622.6,21,25.5,56,67.6,305,335.8,388,440.7,760,860.4,255,267.5,105,124.5,212,271,28,41.1,1117,1320.4,135,162.8,156,182.6,21,19.9,88,100.4,197,219.6,376,430,59,68.3,101,117.3,4354,5095.7,1541,1823
94601,66880,43223.7,5305,3950,48,36.8,102,81,1632,1092.8,1278,845.1,2464,1605.2,860,556.8,376,238.1,473,370.2,171,135.7,5591,3525.7,277,175.7,352,243.2,169,133.1,305,225.2,1272,795.5,1920,1201.6,158,98.6,1621,999,12312,7924.9,9302,6036.3
94602,29024,32186,2176,2043.3,48,42.9,82,81.3,654,695,787,845.1,1490,1620.7,635,646.5,180,209.1,418,373.6,144,123.7,2047,2300.5,121,128.6,176,178.8,99,81.8,164,158.1,466,526.5,839,972.6,93,113.7,645,772.7,6172,6985.5,3878,4399.1
94603,55820,59509.2,4300,5545.3,73,108.9,77,114.7,1650,1873.8,867,974.2,1904,2078.8,624,691.7,284,297.8,477,666.4,217,313.8,5463,5611.9,342,363.8,310,338.9,192,259.3,298,376.7,1370,1435.4,1567,1610.2,136,132.8,1182,1211.9,9623,10036.4,8045,8579.6
94605 & 94613,61528,50295.8,5177,3975.8,88,66,133,99.2,2169,1785.8,1339,1081,2293,1874.6,701,568.1,315,259,604,450.2,237,172.8,5699,4726.3,332,269,287,233.5,228,165.5,354,267.5,1404,1181,1775,1470,163,136.5,1267,1054.6,11226,9291.9,8627,7160
94606,38320,34664.2,2842,2543.3,39,36.3,80,76.7,870,776.3,849,723.5,1514,1319.4,635,552.8,196,169,308,283.7,94,84.3,3059,2863.4,161,142.6,179,169.6,120,107,226,197.5,728,697.6,1055,913.2,94,82.8,889,757,7156,6585.6,5245,4744.3
94607,37924,47115.6,2950,3458.9,34,39.2,62,72.5,863,1069.5,861,1043,1738,2071.9,678,802.4,249,300.1,419,491.3,177,204.4,3471,4455.7,154,184.5,192,237.1,194,222.3,223,264,934,1218.4,961,1163.3,74,95.2,877,1052.7,6665,8485.2,5065,6390.7
94608,35269,40499.4,2756,3067.9,59,67.9,90,111.2,1120,1222.7,993,1030.7,1611,1688.8,531,540.3,215,224.8,355,421,126,143.3,3374,4021.7,169,188.5,171,202.1,145,177.2,209,230.6,983,1151.7,981,1049,108,123.4,659,684,6939,8154.6,4595,5304.1
94609,25135,40082.6,2009,3333.4,27,47.5,30,55.7,637,928.5,716,1036.1,1280,1882.4,360,519,157,222,245,427.7,74,129.3,2152,3602.4,109,169.2,142,245.1,70,107.7,154,245.6,520,889.2,697,1021.5,64,105.9,477,712.9,5030,8122.7,3348,5361.5
94610,20297,22301.5,1314,1293.9,34,35,66,67.3,586,581.4,679,697.4,866,933.9,290,298.1,102,115.4,292,304,85,89.1,1425,1644.8,72,77.1,123,131.8,52,50.5,128,124.9,339,385.8,563,589.2,48,68,285,297.8,5040,5753.3,2336,2561.5
94611,21113,19003.5,1247,902.9,44,28.4,99,62.7,436,361.4,783,686.9,957,921.2,258,223.4,96,99.4,366,246.7,52,34.2,1207,1143.7,68,60.5,112,91.5,59,40.8,120,84.8,226,206.8,525,504.7,50,58,171,178.7,6095,5667.5,2079,1930.3
94612,24501,51330.4,2082,3501,20,27.6,54,74.2,548,1051,821,1541.5,1841,3509.8,855,1546.3,181,360.1,215,326.3,77,115.6,1945,4587.1,89,193.2,128,234.8,118,177.5,161,281.8,434,1037.9,526,1105.8,69,150.1,491,1012.4,4204,9410.6,3333,7281.4
94618,7247,14926.6,317,570.7,16,23.2,46,76.3,125,226.1,274,551.5,304,666.5,94,204.3,25,63.2,122,200.5,18,30.2,397,886.2,25,50.3,46,92.2,-1,-1,51,88.6,82,174.8,160,334.4,20,56.7,38,88.6,2306,4858.4,614,1362.7
94619,21233,31474.6,1639,2063.6,27,31.3,87,112.2,778,1114.6,479,696.7,767,1142.5,221,320.5,95,148.7,233,287.7,87,101.4,1726,2662.3,102,153.7,110,154.1,39,48.9,136,178.3,414,644.5,629,943.9,66,107.9,384,599.8,4613,6965.8,2667,4033.9
94621,54727,59964.3,4401,5905.3,40,55.1,65,97.6,1540,1821.7,985,1150.6,1753,1986.2,511,601.5,270,298.3,337,468.9,155,220.8,5265,5619.5,317,343.7,267,301.5,210,303.8,281,368,1280,1400.9,1482,1580.7,139,141.5,1201,1248.6,9341,9964.2,7907,8765.3
94702,15905,32441.3,1514,2773.2,33,59,45,80.3,406,793.9,588,1148.4,953,1831,353,643.6,81,165.8,207,370.7,68,114,1232,2634.3,63,127.7,74,146,70,120.5,92,168.2,264,558.3,384,772.9,46,106.3,232,479.3,3420,7293.3,1794,3767
94703,17305,28041.1,1427,2181.2,27,42,31,49.2,390,604.4,567,840.9,872,1318.8,204,294,98,145,180,271.5,59,87.2,1448,2436.3,55,89.5,93,153.5,86,126.1,83,125.9,377,640.8,425,663.5,42,68,232,351.1,3904,6596.2,1930,3190.9
94704,11966,31726.3,614,2047.3,13,45.1,14,43.6,173,502.5,477,1256,1131,2703.5,432,986.6,109,223.3,122,394.3,40,150.6,862,2559.3,58,212.9,50,155.7,28,93.1,56,194.4,139,441.7,275,588.1,33,35.7,205,396.4,2764,6906.4,1383,3825.7
94705,8045,19471.6,414,841.9,12,21.3,40,74.5,101,215.4,364,827.3,619,1503.1,269,642.8,48,109.9,138,267.8,23,48.2,428,1096.5,29,77.8,46,93.6,13,25.7,63,131,91,242.8,182,450.2,30,84.3,100,242.3,2337,6022.1,679,1670.9
94706,9186,16057.3,357,568.5,15,28.2,33,55,163,267.1,339,589.4,377,679.8,97,168.6,43,76.2,125,211.5,15,27,595,1040.9,29,53.9,66,112.5,11,14,38,63.5,129,216.9,242,432.5,32,61.4,69,123.8,2766,4887.5,812,1437.2
94707,5925,15878.6,261,476.7,16,27.4,34,53.4,96,240.5,235,638.3,286,912,105,313.3,41,148.2,140,240.3,19,27.5,291,877.6,18,51.5,45,110.3,-1,-1,43,80.2,63,184,116,379.6,20,79.7,27,91.3,1896,5291.9,415,1211.8
94708,4740,12573.9,189,350.7,19,29,39,68.6,71,148.2,170,480.4,223,808.1,108,458.6,16,57.5,106,174.3,12,16.1,195,595.1,-1,-1,22,40.9,-1,-1,21,38.3,33,102.7,100,301.2,18,68.5,25,97.2,1586,4376.6,303,813
94709,4598,16547.3,212,746.1,-1,-1,17,63.8,96,318.6,201,602.7,330,1082.4,148,550.8,48,143.5,64,239.4,-1,-1,236,966,15,45.7,17,76.2,-1,-1,24,92.6,48,234.9,106,316.3,18,50.5,40,101.3,1265,4782.8,465,1677.6
94710,7806,31665.9,601,2603.3,14,63.2,13,52.6,174,729.6,251,939.2,440,1708.3,155,571,71,274.8,79,331.2,33,135.4,653,2698,28,105.6,41,174.6,32,131.2,36,153.4,143,600.2,202,771.7,22,80.7,113,420.9,1714,7012.9,961,3878.3
94720,964,24415,35,2380.7,-1,-1,-1,-1,-1,-1,14,343.7,150,2732.1,118,724.9,12,72.7,-1,-1,-1,-1,79,2085.4,-1,-1,-1,-1,-1,-1,-1,-1,-1,-1,21,961.2,-1,-1,19,257.4,254,5923.4,116,3062.1
